[{"model": "admin.logentry", "pk": 1, "fields": {"action_time": "2021-06-03T12:05:24.761Z", "user": 1, "content_type": 4, "object_id": "2", "object_repr": "MiMurka", "action_flag": 1, "change_message": "[{\"added\": {}}]"}}, {"model": "admin.logentry", "pk": 2, "fields": {"action_time": "2021-06-03T12:05:58.162Z", "user": 1, "content_type": 4, "object_id": "3", "object_repr": "silvermoon", "action_flag": 1, "change_message": "[{\"added\": {}}]"}}, {"model": "admin.logentry", "pk": 3, "fields": {"action_time": "2021-06-03T12:06:15.368Z", "user": 1, "content_type": 4, "object_id": "4", "object_repr": "nadeika_p", "action_flag": 1, "change_message": "[{\"added\": {}}]"}}, {"model": "admin.logentry", "pk": 4, "fields": {"action_time": "2021-06-03T12:06:54.477Z", "user": 1, "content_type": 4, "object_id": "5", "object_repr": "YanaArvach", "action_flag": 1, "change_message": "[{\"added\": {}}]"}}, {"model": "admin.logentry", "pk": 5, "fields": {"action_time": "2021-06-03T12:07:26.524Z", "user": 1, "content_type": 4, "object_id": "6", "object_repr": "Veronika", "action_flag": 1, "change_message": "[{\"added\": {}}]"}}, {"model": "admin.logentry", "pk": 6, "fields": {"action_time": "2021-06-03T12:07:36.191Z", "user": 1, "content_type": 8, "object_id": "1", "object_repr": "Ira", "action_flag": 1, "change_message": "[{\"added\": {}}]"}}, {"model": "admin.logentry", "pk": 7, "fields": {"action_time": "2021-06-03T12:07:45.988Z", "user": 1, "content_type": 8, "object_id": "2", "object_repr": "Veronika", "action_flag": 1, "change_message": "[{\"added\": {}}]"}}, {"model": "admin.logentry", "pk": 8, "fields": {"action_time": "2021-06-03T12:07:53.665Z", "user": 1, "content_type": 8, "object_id": "3", "object_repr": "Yana", "action_flag": 1, "change_message": "[{\"added\": {}}]"}}, {"model": "admin.logentry", "pk": 9, "fields": {"action_time": "2021-06-03T12:08:03.178Z", "user": 1, "content_type": 8, "object_id": "4", "object_repr": "Nadya", "action_flag": 1, "change_message": "[{\"added\": {}}]"}}, {"model": "admin.logentry", "pk": 10, "fields": {"action_time": "2021-06-03T12:08:10.290Z", "user": 1, "content_type": 8, "object_id": "5", "object_repr": "Igor", "action_flag": 1, "change_message": "[{\"added\": {}}]"}}, {"model": "admin.logentry", "pk": 11, "fields": {"action_time": "2021-06-03T12:08:35.492Z", "user": 1, "content_type": 4, "object_id": "7", "object_repr": "nochnik", "action_flag": 1, "change_message": "[{\"added\": {}}]"}}, {"model": "admin.logentry", "pk": 12, "fields": {"action_time": "2021-06-03T12:08:50.689Z", "user": 1, "content_type": 8, "object_id": "6", "object_repr": "Nochnik", "action_flag": 1, "change_message": "[{\"added\": {}}]"}}, {"model": "admin.logentry", "pk": 13, "fields": {"action_time": "2021-06-03T12:08:57.856Z", "user": 1, "content_type": 7, "object_id": "1", "object_repr": "Kinpur", "action_flag": 1, "change_message": "[{\"added\": {}}]"}}, {"model": "admin.logentry", "pk": 14, "fields": {"action_time": "2021-06-03T12:09:00.781Z", "user": 1, "content_type": 7, "object_id": "2", "object_repr": "Artulano", "action_flag": 1, "change_message": "[{\"added\": {}}]"}}, {"model": "admin.logentry", "pk": 15, "fields": {"action_time": "2021-06-03T12:09:03.370Z", "user": 1, "content_type": 7, "object_id": "3", "object_repr": "Swizon", "action_flag": 1, "change_message": "[{\"added\": {}}]"}}, {"model": "admin.logentry", "pk": 16, "fields": {"action_time": "2021-06-03T12:09:05.858Z", "user": 1, "content_type": 7, "object_id": "4", "object_repr": "Arvesa", "action_flag": 1, "change_message": "[{\"added\": {}}]"}}, {"model": "admin.logentry", "pk": 17, "fields": {"action_time": "2021-06-03T12:09:26.321Z", "user": 1, "content_type": 7, "object_id": "5", "object_repr": "Helopssa", "action_flag": 1, "change_message": "[{\"added\": {}}]"}}, {"model": "admin.logentry", "pk": 18, "fields": {"action_time": "2021-06-03T12:09:34.756Z", "user": 1, "content_type": 7, "object_id": "6", "object_repr": "Rastenix", "action_flag": 1, "change_message": "[{\"added\": {}}]"}}, {"model": "admin.logentry", "pk": 19, "fields": {"action_time": "2021-06-03T12:09:41.177Z", "user": 1, "content_type": 7, "object_id": "7", "object_repr": "Lariolla", "action_flag": 1, "change_message": "[{\"added\": {}}]"}}, {"model": "admin.logentry", "pk": 20, "fields": {"action_time": "2021-06-03T12:09:52.747Z", "user": 1, "content_type": 7, "object_id": "8", "object_repr": "NutraFaza", "action_flag": 1, "change_message": "[{\"added\": {}}]"}}, {"model": "admin.logentry", "pk": 21, "fields": {"action_time": "2021-06-03T12:10:07.915Z", "user": 1, "content_type": 7, "object_id": "9", "object_repr": "Lorelis Labs", "action_flag": 1, "change_message": "[{\"added\": {}}]"}}, {"model": "admin.logentry", "pk": 22, "fields": {"action_time": "2021-06-03T12:10:16.775Z", "user": 1, "content_type": 7, "object_id": "10", "object_repr": "Odeseana", "action_flag": 1, "change_message": "[{\"added\": {}}]"}}, {"model": "admin.logentry", "pk": 23, "fields": {"action_time": "2021-06-03T12:11:19.929Z", "user": 1, "content_type": 9, "object_id": "1", "object_repr": "Swizon Black", "action_flag": 1, "change_message": "[{\"added\": {}}]"}}, {"model": "admin.logentry", "pk": 24, "fields": {"action_time": "2021-06-03T12:11:32.343Z", "user": 1, "content_type": 9, "object_id": "2", "object_repr": "Arvesa Relief", "action_flag": 1, "change_message": "[{\"added\": {}}]"}}, {"model": "admin.logentry", "pk": 25, "fields": {"action_time": "2021-06-03T12:11:43.457Z", "user": 1, "content_type": 9, "object_id": "3", "object_repr": "Artulano Chews", "action_flag": 1, "change_message": "[{\"added\": {}}]"}}, {"model": "admin.logentry", "pk": 26, "fields": {"action_time": "2021-06-03T12:11:57.149Z", "user": 1, "content_type": 9, "object_id": "4", "object_repr": "Helopssa Chews", "action_flag": 1, "change_message": "[{\"added\": {}}]"}}, {"model": "admin.logentry", "pk": 27, "fields": {"action_time": "2021-06-03T12:12:15.531Z", "user": 1, "content_type": 9, "object_id": "5", "object_repr": "Kinpur calming treats", "action_flag": 1, "change_message": "[{\"added\": {}}]"}}, {"model": "admin.logentry", "pk": 28, "fields": {"action_time": "2021-06-03T12:14:18.316Z", "user": 1, "content_type": 9, "object_id": "6", "object_repr": "Kinpur Allergy Chews", "action_flag": 1, "change_message": "[{\"added\": {}}]"}}, {"model": "admin.logentry", "pk": 29, "fields": {"action_time": "2021-06-03T12:14:29.810Z", "user": 1, "content_type": 9, "object_id": "7", "object_repr": "Kinpur Omega Chews", "action_flag": 1, "change_message": "[{\"added\": {}}]"}}, {"model": "admin.logentry", "pk": 30, "fields": {"action_time": "2021-06-03T12:14:44.959Z", "user": 1, "content_type": 9, "object_id": "8", "object_repr": "Kinpur Hip&Joint Chews", "action_flag": 1, "change_message": "[{\"added\": {}}]"}}, {"model": "admin.logentry", "pk": 31, "fields": {"action_time": "2021-06-03T12:14:56.702Z", "user": 1, "content_type": 9, "object_id": "9", "object_repr": "Kinpur Probiotic chews", "action_flag": 1, "change_message": "[{\"added\": {}}]"}}, {"model": "admin.logentry", "pk": 32, "fields": {"action_time": "2021-06-03T12:15:07.176Z", "user": 1, "content_type": 9, "object_id": "10", "object_repr": "Kinpur black boost", "action_flag": 1, "change_message": "[{\"added\": {}}]"}}, {"model": "admin.logentry", "pk": 33, "fields": {"action_time": "2021-06-03T12:15:16.418Z", "user": 1, "content_type": 9, "object_id": "11", "object_repr": "Kinpur white boost", "action_flag": 1, "change_message": "[{\"added\": {}}]"}}, {"model": "admin.logentry", "pk": 34, "fields": {"action_time": "2021-06-03T12:15:51.729Z", "user": 1, "content_type": 9, "object_id": "12", "object_repr": "Kinpur white xp", "action_flag": 1, "change_message": "[{\"added\": {}}]"}}, {"model": "admin.logentry", "pk": 35, "fields": {"action_time": "2021-06-03T12:16:01.504Z", "user": 1, "content_type": 9, "object_id": "13", "object_repr": "Kinpur black xp", "action_flag": 1, "change_message": "[{\"added\": {}}]"}}, {"model": "admin.logentry", "pk": 36, "fields": {"action_time": "2021-06-03T12:16:15.087Z", "user": 1, "content_type": 9, "object_id": "14", "object_repr": "Rastenix burn", "action_flag": 1, "change_message": "[{\"added\": {}}]"}}, {"model": "admin.logentry", "pk": 37, "fields": {"action_time": "2021-06-03T12:16:27.002Z", "user": 1, "content_type": 9, "object_id": "15", "object_repr": "Rastenix 3,500", "action_flag": 1, "change_message": "[{\"added\": {}}]"}}, {"model": "admin.logentry", "pk": 38, "fields": {"action_time": "2021-06-03T12:18:10.550Z", "user": 1, "content_type": 9, "object_id": "16", "object_repr": "Artulano Keto", "action_flag": 1, "change_message": "[{\"added\": {}}]"}}, {"model": "admin.logentry", "pk": 39, "fields": {"action_time": "2021-06-03T12:18:34.074Z", "user": 1, "content_type": 9, "object_id": "17", "object_repr": "Nutrafaza Sea Moss", "action_flag": 1, "change_message": "[{\"added\": {}}]"}}, {"model": "admin.logentry", "pk": 40, "fields": {"action_time": "2021-06-03T12:18:48.856Z", "user": 1, "content_type": 9, "object_id": "18", "object_repr": "Nutrafaza Sea Moss green", "action_flag": 1, "change_message": "[{\"added\": {}}]"}}, {"model": "admin.logentry", "pk": 41, "fields": {"action_time": "2021-06-03T12:19:09.584Z", "user": 1, "content_type": 7, "object_id": "11", "object_repr": "Alphaworld", "action_flag": 1, "change_message": "[{\"added\": {}}]"}}, {"model": "admin.logentry", "pk": 42, "fields": {"action_time": "2021-06-03T12:19:11.308Z", "user": 1, "content_type": 9, "object_id": "19", "object_repr": "Alphaworld Vitamin C", "action_flag": 1, "change_message": "[{\"added\": {}}]"}}, {"model": "admin.logentry", "pk": 43, "fields": {"action_time": "2021-06-03T12:19:33.338Z", "user": 1, "content_type": 9, "object_id": "20", "object_repr": "Lariolla Aloe Gel", "action_flag": 1, "change_message": "[{\"added\": {}}]"}}, {"model": "admin.logentry", "pk": 44, "fields": {"action_time": "2021-06-03T12:19:48.195Z", "user": 1, "content_type": 9, "object_id": "21", "object_repr": "Arvesa Aloe Gel", "action_flag": 1, "change_message": "[{\"added\": {}}]"}}, {"model": "admin.logentry", "pk": 45, "fields": {"action_time": "2021-06-03T12:19:58.560Z", "user": 1, "content_type": 9, "object_id": "22", "object_repr": "Artulano Zinc Capsules", "action_flag": 1, "change_message": "[{\"added\": {}}]"}}, {"model": "admin.logentry", "pk": 46, "fields": {"action_time": "2021-06-03T12:20:09.199Z", "user": 1, "content_type": 9, "object_id": "23", "object_repr": "Rastenix Lung Cleanse", "action_flag": 1, "change_message": "[{\"added\": {}}]"}}, {"model": "admin.logentry", "pk": 47, "fields": {"action_time": "2021-06-03T12:21:05.862Z", "user": 1, "content_type": 9, "object_id": "24", "object_repr": "Alphaworld Lung Cleanse", "action_flag": 1, "change_message": "[{\"added\": {}}]"}}, {"model": "admin.logentry", "pk": 48, "fields": {"action_time": "2021-06-03T12:31:26.474Z", "user": 1, "content_type": 9, "object_id": "25", "object_repr": "NutraFaza Melatoin Gummies", "action_flag": 1, "change_message": "[{\"added\": {}}]"}}, {"model": "admin.logentry", "pk": 49, "fields": {"action_time": "2021-06-03T12:31:38.768Z", "user": 1, "content_type": 9, "object_id": "26", "object_repr": "NutraFaza Vitamin D3 Gummies", "action_flag": 1, "change_message": "[{\"added\": {}}]"}}, {"model": "admin.logentry", "pk": 50, "fields": {"action_time": "2021-06-03T12:31:49.724Z", "user": 1, "content_type": 9, "object_id": "27", "object_repr": "NutraFaza Vitamin C Gummies", "action_flag": 1, "change_message": "[{\"added\": {}}]"}}, {"model": "admin.logentry", "pk": 51, "fields": {"action_time": "2021-06-03T12:32:01.819Z", "user": 1, "content_type": 9, "object_id": "28", "object_repr": "NutraFaza Hair Vitamins Gummie", "action_flag": 1, "change_message": "[{\"added\": {}}]"}}, {"model": "admin.logentry", "pk": 52, "fields": {"action_time": "2021-06-03T12:32:13.239Z", "user": 1, "content_type": 9, "object_id": "29", "object_repr": "NutraFaza Elderberry Gummies", "action_flag": 1, "change_message": "[{\"added\": {}}]"}}, {"model": "admin.logentry", "pk": 53, "fields": {"action_time": "2021-06-03T12:33:30.699Z", "user": 1, "content_type": 7, "object_id": "12", "object_repr": "Nutribolidos", "action_flag": 1, "change_message": "[{\"added\": {}}]"}}, {"model": "admin.logentry", "pk": 54, "fields": {"action_time": "2021-06-03T12:33:58.572Z", "user": 1, "content_type": 9, "object_id": "30", "object_repr": "Nutribolidos Apple Cider Vineg", "action_flag": 1, "change_message": "[{\"added\": {}}]"}}, {"model": "admin.logentry", "pk": 55, "fields": {"action_time": "2021-06-03T12:34:11.089Z", "user": 1, "content_type": 9, "object_id": "31", "object_repr": "NutraFaza Biotin Gummies", "action_flag": 1, "change_message": "[{\"added\": {}}]"}}, {"model": "admin.logentry", "pk": 56, "fields": {"action_time": "2021-06-03T12:34:25.783Z", "user": 1, "content_type": 9, "object_id": "32", "object_repr": "NutraFaza Collagen Gummies", "action_flag": 1, "change_message": "[{\"added\": {}}]"}}, {"model": "admin.logentry", "pk": 57, "fields": {"action_time": "2021-06-03T12:34:42.792Z", "user": 1, "content_type": 9, "object_id": "33", "object_repr": "NutrzaFaza Multivitamin Gummie", "action_flag": 1, "change_message": "[{\"added\": {}}]"}}, {"model": "admin.logentry", "pk": 58, "fields": {"action_time": "2021-06-03T12:34:59.363Z", "user": 1, "content_type": 9, "object_id": "34", "object_repr": "Lorelis Labs green tea matcha", "action_flag": 1, "change_message": "[{\"added\": {}}]"}}, {"model": "admin.logentry", "pk": 59, "fields": {"action_time": "2021-06-03T12:35:11.679Z", "user": 1, "content_type": 9, "object_id": "35", "object_repr": "Lorelis Labs 24K Gold 30pair", "action_flag": 1, "change_message": "[{\"added\": {}}]"}}, {"model": "admin.logentry", "pk": 60, "fields": {"action_time": "2021-06-03T12:35:29.818Z", "user": 1, "content_type": 9, "object_id": "36", "object_repr": "Kinpur retinol", "action_flag": 1, "change_message": "[{\"added\": {}}]"}}, {"model": "admin.logentry", "pk": 61, "fields": {"action_time": "2021-06-03T12:35:44.274Z", "user": 1, "content_type": 9, "object_id": "37", "object_repr": "Kinpur Retinol Gold", "action_flag": 1, "change_message": "[{\"added\": {}}]"}}, {"model": "admin.logentry", "pk": 62, "fields": {"action_time": "2021-06-03T12:35:58.169Z", "user": 1, "content_type": 9, "object_id": "38", "object_repr": "Swizon Retinol", "action_flag": 1, "change_message": "[{\"added\": {}}]"}}, {"model": "admin.logentry", "pk": 63, "fields": {"action_time": "2021-06-03T12:36:16.715Z", "user": 1, "content_type": 9, "object_id": "39", "object_repr": "Artulano retinol", "action_flag": 1, "change_message": "[{\"added\": {}}]"}}, {"model": "admin.logentry", "pk": 64, "fields": {"action_time": "2021-06-03T12:36:26.375Z", "user": 1, "content_type": 9, "object_id": "40", "object_repr": "Kinpur Eye Cream", "action_flag": 1, "change_message": "[{\"added\": {}}]"}}, {"model": "admin.logentry", "pk": 65, "fields": {"action_time": "2021-06-03T12:36:36.969Z", "user": 1, "content_type": 9, "object_id": "41", "object_repr": "Swizon Eye Cream", "action_flag": 1, "change_message": "[{\"added\": {}}]"}}, {"model": "admin.logentry", "pk": 66, "fields": {"action_time": "2021-06-03T12:36:50.354Z", "user": 1, "content_type": 9, "object_id": "42", "object_repr": "Artulano Eye Cream", "action_flag": 1, "change_message": "[{\"added\": {}}]"}}, {"model": "admin.logentry", "pk": 67, "fields": {"action_time": "2021-06-03T12:37:31.918Z", "user": 1, "content_type": 9, "object_id": "43", "object_repr": "Kinpur hemp cream", "action_flag": 1, "change_message": "[{\"added\": {}}]"}}, {"model": "admin.logentry", "pk": 68, "fields": {"action_time": "2021-06-03T12:38:00.177Z", "user": 1, "content_type": 9, "object_id": "44", "object_repr": "Swizon Pink", "action_flag": 1, "change_message": "[{\"added\": {}}]"}}, {"model": "admin.logentry", "pk": 69, "fields": {"action_time": "2021-06-03T12:38:12.773Z", "user": 1, "content_type": 9, "object_id": "45", "object_repr": "kinpur keentox USA", "action_flag": 1, "change_message": "[{\"added\": {}}]"}}, {"model": "admin.logentry", "pk": 70, "fields": {"action_time": "2021-06-03T12:38:27.862Z", "user": 1, "content_type": 9, "object_id": "46", "object_repr": "Odeseana", "action_flag": 1, "change_message": "[{\"added\": {}}]"}}, {"model": "admin.logentry", "pk": 71, "fields": {"action_time": "2021-06-03T12:38:38.877Z", "user": 1, "content_type": 9, "object_id": "47", "object_repr": "Kinpur hemp extract 60 capsule", "action_flag": 1, "change_message": "[{\"added\": {}}]"}}, {"model": "admin.logentry", "pk": 72, "fields": {"action_time": "2021-06-03T12:38:52.837Z", "user": 1, "content_type": 9, "object_id": "48", "object_repr": "Arvesa hemp guard", "action_flag": 1, "change_message": "[{\"added\": {}}]"}}, {"model": "admin.logentry", "pk": 73, "fields": {"action_time": "2021-06-03T12:39:05.197Z", "user": 1, "content_type": 9, "object_id": "49", "object_repr": "Arvesa hemp nature", "action_flag": 1, "change_message": "[{\"added\": {}}]"}}, {"model": "admin.logentry", "pk": 74, "fields": {"action_time": "2021-06-03T12:39:17.337Z", "user": 1, "content_type": 9, "object_id": "50", "object_repr": "Kinpur Hemp Oil 550k", "action_flag": 1, "change_message": "[{\"added\": {}}]"}}, {"model": "admin.logentry", "pk": 75, "fields": {"action_time": "2021-06-03T12:40:07.874Z", "user": 1, "content_type": 9, "object_id": "51", "object_repr": "Hemp Cares 2 pack USA", "action_flag": 1, "change_message": "[{\"added\": {}}]"}}, {"model": "admin.logentry", "pk": 76, "fields": {"action_time": "2021-06-03T12:40:21.097Z", "user": 1, "content_type": 9, "object_id": "52", "object_repr": "Hemp love 1pcs USA", "action_flag": 1, "change_message": "[{\"added\": {}}]"}}, {"model": "admin.logentry", "pk": 77, "fields": {"action_time": "2021-06-03T12:40:34.901Z", "user": 1, "content_type": 9, "object_id": "53", "object_repr": "Kinpur Hemp love 2pack", "action_flag": 1, "change_message": "[{\"added\": {}}]"}}, {"model": "admin.logentry", "pk": 78, "fields": {"action_time": "2021-06-03T12:40:48.946Z", "user": 1, "content_type": 9, "object_id": "54", "object_repr": "Kinpur Hemp Joy 1pack USA", "action_flag": 1, "change_message": "[{\"added\": {}}]"}}, {"model": "admin.logentry", "pk": 79, "fields": {"action_time": "2021-06-03T12:41:11.714Z", "user": 1, "content_type": 9, "object_id": "55", "object_repr": "Kinpur Hemp nutrition", "action_flag": 1, "change_message": "[{\"added\": {}}]"}}, {"model": "admin.logentry", "pk": 80, "fields": {"action_time": "2021-06-03T12:41:22.847Z", "user": 1, "content_type": 9, "object_id": "56", "object_repr": "Kinpur Hemp Сares 1-pack USA", "action_flag": 1, "change_message": "[{\"added\": {}}]"}}, {"model": "admin.logentry", "pk": 81, "fields": {"action_time": "2021-06-03T12:42:56.094Z", "user": 1, "content_type": 9, "object_id": "34", "object_repr": "Green tea matcha", "action_flag": 2, "change_message": "[{\"changed\": {\"fields\": [\"Type\"]}}]"}}, {"model": "admin.logentry", "pk": 82, "fields": {"action_time": "2021-06-03T12:43:04.383Z", "user": 1, "content_type": 9, "object_id": "35", "object_repr": "24K Gold 30pair", "action_flag": 2, "change_message": "[{\"changed\": {\"fields\": [\"Type\"]}}]"}}, {"model": "admin.logentry", "pk": 83, "fields": {"action_time": "2021-06-03T12:43:25.480Z", "user": 1, "content_type": 9, "object_id": "18", "object_repr": "Sea Moss green", "action_flag": 2, "change_message": "[{\"changed\": {\"fields\": [\"Type\"]}}]"}}, {"model": "admin.logentry", "pk": 84, "fields": {"action_time": "2021-06-03T12:43:36.307Z", "user": 1, "content_type": 9, "object_id": "25", "object_repr": "Melatoin Gummies", "action_flag": 2, "change_message": "[{\"changed\": {\"fields\": [\"Type\"]}}]"}}, {"model": "admin.logentry", "pk": 85, "fields": {"action_time": "2021-06-03T12:43:43.860Z", "user": 1, "content_type": 9, "object_id": "26", "object_repr": "Vitamin D3 Gummies", "action_flag": 2, "change_message": "[{\"changed\": {\"fields\": [\"Type\"]}}]"}}, {"model": "admin.logentry", "pk": 86, "fields": {"action_time": "2021-06-03T12:43:52.781Z", "user": 1, "content_type": 9, "object_id": "27", "object_repr": "Vitamin C Gummies", "action_flag": 2, "change_message": "[{\"changed\": {\"fields\": [\"Type\"]}}]"}}, {"model": "admin.logentry", "pk": 87, "fields": {"action_time": "2021-06-03T12:43:59.129Z", "user": 1, "content_type": 9, "object_id": "28", "object_repr": "Hair Vitamins Gummie", "action_flag": 2, "change_message": "[{\"changed\": {\"fields\": [\"Type\"]}}]"}}, {"model": "admin.logentry", "pk": 88, "fields": {"action_time": "2021-06-03T12:44:06.118Z", "user": 1, "content_type": 9, "object_id": "29", "object_repr": "Elderberry Gummies", "action_flag": 2, "change_message": "[{\"changed\": {\"fields\": [\"Type\"]}}]"}}, {"model": "admin.logentry", "pk": 89, "fields": {"action_time": "2021-06-03T12:44:12.213Z", "user": 1, "content_type": 9, "object_id": "30", "object_repr": "Apple Cider Vineg", "action_flag": 2, "change_message": "[{\"changed\": {\"fields\": [\"Type\"]}}]"}}, {"model": "admin.logentry", "pk": 90, "fields": {"action_time": "2021-06-03T12:44:18.565Z", "user": 1, "content_type": 9, "object_id": "32", "object_repr": "Collagen Gummies", "action_flag": 2, "change_message": "[{\"changed\": {\"fields\": [\"Type\"]}}]"}}, {"model": "admin.logentry", "pk": 91, "fields": {"action_time": "2021-06-03T12:44:26.006Z", "user": 1, "content_type": 9, "object_id": "31", "object_repr": "Biotin Gummies", "action_flag": 2, "change_message": "[{\"changed\": {\"fields\": [\"Type\"]}}]"}}, {"model": "admin.logentry", "pk": 92, "fields": {"action_time": "2021-06-03T12:44:31.926Z", "user": 1, "content_type": 9, "object_id": "33", "object_repr": "Multivitamin Gummie", "action_flag": 2, "change_message": "[{\"changed\": {\"fields\": [\"Type\"]}}]"}}, {"model": "admin.logentry", "pk": 93, "fields": {"action_time": "2021-06-03T12:44:47.906Z", "user": 1, "content_type": 9, "object_id": "47", "object_repr": "hemp extract 60 capsule", "action_flag": 2, "change_message": "[{\"changed\": {\"fields\": [\"Type\"]}}]"}}, {"model": "admin.logentry", "pk": 94, "fields": {"action_time": "2021-06-03T12:45:00.548Z", "user": 1, "content_type": 9, "object_id": "56", "object_repr": "Hemp Сares 1-pack USA", "action_flag": 2, "change_message": "[{\"changed\": {\"fields\": [\"Type\"]}}]"}}, {"model": "admin.logentry", "pk": 95, "fields": {"action_time": "2021-06-03T13:03:46.758Z", "user": 1, "content_type": 8, "object_id": "1", "object_repr": "Sergik", "action_flag": 2, "change_message": "[{\"changed\": {\"fields\": [\"User\", \"Username\"]}}]"}}, {"model": "admin.logentry", "pk": 96, "fields": {"action_time": "2021-06-03T13:03:56.297Z", "user": 1, "content_type": 8, "object_id": "2", "object_repr": "Ira", "action_flag": 2, "change_message": "[{\"changed\": {\"fields\": [\"User\", \"Username\"]}}]"}}, {"model": "admin.logentry", "pk": 97, "fields": {"action_time": "2021-06-03T13:04:45.041Z", "user": 1, "content_type": 8, "object_id": "5", "object_repr": "ppp", "action_flag": 2, "change_message": "[{\"changed\": {\"fields\": [\"Username\"]}}]"}}, {"model": "admin.logentry", "pk": 98, "fields": {"action_time": "2021-06-03T13:05:45.567Z", "user": 1, "content_type": 8, "object_id": "5", "object_repr": "ppp", "action_flag": 2, "change_message": "[{\"changed\": {\"fields\": [\"User\"]}}]"}}, {"model": "admin.logentry", "pk": 99, "fields": {"action_time": "2021-06-03T13:05:53.508Z", "user": 1, "content_type": 8, "object_id": "3", "object_repr": "Igor", "action_flag": 2, "change_message": "[{\"changed\": {\"fields\": [\"User\", \"Username\"]}}]"}}, {"model": "admin.logentry", "pk": 100, "fields": {"action_time": "2021-06-03T13:06:13.621Z", "user": 1, "content_type": 8, "object_id": "4", "object_repr": "ddd", "action_flag": 2, "change_message": "[{\"changed\": {\"fields\": [\"User\", \"Username\"]}}]"}}, {"model": "admin.logentry", "pk": 101, "fields": {"action_time": "2021-06-03T13:06:23.566Z", "user": 1, "content_type": 8, "object_id": "4", "object_repr": "Nadya", "action_flag": 2, "change_message": "[{\"changed\": {\"fields\": [\"User\", \"Username\"]}}]"}}, {"model": "admin.logentry", "pk": 102, "fields": {"action_time": "2021-06-03T13:06:47.332Z", "user": 1, "content_type": 8, "object_id": "5", "object_repr": "Yana", "action_flag": 2, "change_message": "[{\"changed\": {\"fields\": [\"User\", \"Username\"]}}]"}}, {"model": "admin.logentry", "pk": 103, "fields": {"action_time": "2021-06-03T13:07:04.261Z", "user": 1, "content_type": 8, "object_id": "6", "object_repr": "Veronika", "action_flag": 2, "change_message": "[{\"changed\": {\"fields\": [\"User\", \"Username\"]}}]"}}, {"model": "admin.logentry", "pk": 104, "fields": {"action_time": "2021-06-03T13:07:19.723Z", "user": 1, "content_type": 8, "object_id": "7", "object_repr": "Nochnik", "action_flag": 1, "change_message": "[{\"added\": {}}]"}}, {"model": "admin.logentry", "pk": 105, "fields": {"action_time": "2021-06-03T14:05:16.879Z", "user": 1, "content_type": 9, "object_id": "3", "object_repr": "Artulano Chews", "action_flag": 2, "change_message": "[{\"changed\": {\"fields\": [\"Manager\"]}}]"}}, {"model": "admin.logentry", "pk": 106, "fields": {"action_time": "2021-06-03T14:05:32.115Z", "user": 1, "content_type": 9, "object_id": "33", "object_repr": "Multivitamin Gummie", "action_flag": 2, "change_message": "[{\"changed\": {\"fields\": [\"Manager\"]}}]"}}, {"model": "admin.logentry", "pk": 107, "fields": {"action_time": "2021-06-03T14:05:40.073Z", "user": 1, "content_type": 9, "object_id": "32", "object_repr": "Collagen Gummies", "action_flag": 2, "change_message": "[{\"changed\": {\"fields\": [\"Manager\"]}}]"}}, {"model": "admin.logentry", "pk": 108, "fields": {"action_time": "2021-06-03T14:05:46.123Z", "user": 1, "content_type": 9, "object_id": "31", "object_repr": "Biotin Gummies", "action_flag": 2, "change_message": "[{\"changed\": {\"fields\": [\"Manager\"]}}]"}}, {"model": "admin.logentry", "pk": 109, "fields": {"action_time": "2021-06-03T14:05:54.245Z", "user": 1, "content_type": 9, "object_id": "30", "object_repr": "Apple Cider Vineg", "action_flag": 2, "change_message": "[{\"changed\": {\"fields\": [\"Manager\"]}}]"}}, {"model": "admin.logentry", "pk": 110, "fields": {"action_time": "2021-06-03T14:06:01.634Z", "user": 1, "content_type": 9, "object_id": "29", "object_repr": "Elderberry Gummies", "action_flag": 2, "change_message": "[{\"changed\": {\"fields\": [\"Manager\"]}}]"}}, {"model": "admin.logentry", "pk": 111, "fields": {"action_time": "2021-06-03T14:06:06.552Z", "user": 1, "content_type": 9, "object_id": "28", "object_repr": "Hair Vitamins Gummie", "action_flag": 2, "change_message": "[{\"changed\": {\"fields\": [\"Manager\"]}}]"}}, {"model": "admin.logentry", "pk": 112, "fields": {"action_time": "2021-06-03T14:06:11.239Z", "user": 1, "content_type": 9, "object_id": "27", "object_repr": "Vitamin C Gummies", "action_flag": 2, "change_message": "[{\"changed\": {\"fields\": [\"Manager\"]}}]"}}, {"model": "admin.logentry", "pk": 113, "fields": {"action_time": "2021-06-03T14:06:16.504Z", "user": 1, "content_type": 9, "object_id": "26", "object_repr": "Vitamin D3 Gummies", "action_flag": 2, "change_message": "[{\"changed\": {\"fields\": [\"Manager\"]}}]"}}, {"model": "admin.logentry", "pk": 114, "fields": {"action_time": "2021-06-03T14:06:22.948Z", "user": 1, "content_type": 9, "object_id": "25", "object_repr": "Melatoin Gummies", "action_flag": 2, "change_message": "[{\"changed\": {\"fields\": [\"Manager\"]}}]"}}, {"model": "admin.logentry", "pk": 115, "fields": {"action_time": "2021-06-03T14:06:28.152Z", "user": 1, "content_type": 9, "object_id": "24", "object_repr": "Alphaworld Lung Cleanse", "action_flag": 2, "change_message": "[{\"changed\": {\"fields\": [\"Manager\"]}}]"}}, {"model": "admin.logentry", "pk": 116, "fields": {"action_time": "2021-06-03T14:06:33.092Z", "user": 1, "content_type": 9, "object_id": "23", "object_repr": "Rastenix Lung Cleanse", "action_flag": 2, "change_message": "[{\"changed\": {\"fields\": [\"Manager\"]}}]"}}, {"model": "admin.logentry", "pk": 117, "fields": {"action_time": "2021-06-03T14:06:38.503Z", "user": 1, "content_type": 9, "object_id": "22", "object_repr": "Artulano Zinc Capsules", "action_flag": 2, "change_message": "[{\"changed\": {\"fields\": [\"Manager\"]}}]"}}, {"model": "admin.logentry", "pk": 118, "fields": {"action_time": "2021-06-03T14:06:43.476Z", "user": 1, "content_type": 9, "object_id": "21", "object_repr": "Arvesa Aloe Gel", "action_flag": 2, "change_message": "[{\"changed\": {\"fields\": [\"Manager\"]}}]"}}, {"model": "admin.logentry", "pk": 119, "fields": {"action_time": "2021-06-03T14:06:48.641Z", "user": 1, "content_type": 9, "object_id": "20", "object_repr": "Lariolla Aloe Gel", "action_flag": 2, "change_message": "[{\"changed\": {\"fields\": [\"Manager\"]}}]"}}, {"model": "admin.logentry", "pk": 120, "fields": {"action_time": "2021-06-03T14:06:54.064Z", "user": 1, "content_type": 9, "object_id": "19", "object_repr": "Alphaworld Vitamin C", "action_flag": 2, "change_message": "[{\"changed\": {\"fields\": [\"Manager\"]}}]"}}, {"model": "admin.logentry", "pk": 121, "fields": {"action_time": "2021-06-03T14:06:58.818Z", "user": 1, "content_type": 9, "object_id": "18", "object_repr": "Sea Moss green", "action_flag": 2, "change_message": "[{\"changed\": {\"fields\": [\"Manager\"]}}]"}}, {"model": "admin.logentry", "pk": 122, "fields": {"action_time": "2021-06-03T14:07:03.149Z", "user": 1, "content_type": 9, "object_id": "17", "object_repr": "Nutrafaza Sea Moss", "action_flag": 2, "change_message": "[{\"changed\": {\"fields\": [\"Manager\"]}}]"}}, {"model": "admin.logentry", "pk": 123, "fields": {"action_time": "2021-06-03T14:07:08.297Z", "user": 1, "content_type": 9, "object_id": "16", "object_repr": "Artulano Keto", "action_flag": 2, "change_message": "[{\"changed\": {\"fields\": [\"Manager\"]}}]"}}, {"model": "admin.logentry", "pk": 124, "fields": {"action_time": "2021-06-03T14:07:13.435Z", "user": 1, "content_type": 9, "object_id": "15", "object_repr": "Rastenix 3,500", "action_flag": 2, "change_message": "[{\"changed\": {\"fields\": [\"Manager\"]}}]"}}, {"model": "admin.logentry", "pk": 125, "fields": {"action_time": "2021-06-03T14:07:18.777Z", "user": 1, "content_type": 9, "object_id": "14", "object_repr": "Rastenix burn", "action_flag": 2, "change_message": "[{\"changed\": {\"fields\": [\"Manager\"]}}]"}}, {"model": "admin.logentry", "pk": 126, "fields": {"action_time": "2021-06-03T14:07:24.690Z", "user": 1, "content_type": 9, "object_id": "13", "object_repr": "Kinpur black xp", "action_flag": 2, "change_message": "[{\"changed\": {\"fields\": [\"Manager\"]}}]"}}, {"model": "admin.logentry", "pk": 127, "fields": {"action_time": "2021-06-03T14:07:35.450Z", "user": 1, "content_type": 9, "object_id": "4", "object_repr": "Helopssa Chews", "action_flag": 2, "change_message": "[{\"changed\": {\"fields\": [\"Manager\"]}}]"}}, {"model": "admin.logentry", "pk": 128, "fields": {"action_time": "2021-06-03T14:07:40.672Z", "user": 1, "content_type": 9, "object_id": "6", "object_repr": "Kinpur Allergy Chews", "action_flag": 2, "change_message": "[{\"changed\": {\"fields\": [\"Manager\"]}}]"}}, {"model": "admin.logentry", "pk": 129, "fields": {"action_time": "2021-06-03T14:07:48.293Z", "user": 1, "content_type": 9, "object_id": "8", "object_repr": "Kinpur Hip&Joint Chews", "action_flag": 2, "change_message": "[{\"changed\": {\"fields\": [\"Manager\"]}}]"}}, {"model": "admin.logentry", "pk": 130, "fields": {"action_time": "2021-06-03T14:07:53.511Z", "user": 1, "content_type": 9, "object_id": "7", "object_repr": "Kinpur Omega Chews", "action_flag": 2, "change_message": "[{\"changed\": {\"fields\": [\"Manager\"]}}]"}}, {"model": "admin.logentry", "pk": 131, "fields": {"action_time": "2021-06-03T14:07:58.199Z", "user": 1, "content_type": 9, "object_id": "9", "object_repr": "Kinpur Probiotic chews", "action_flag": 2, "change_message": "[{\"changed\": {\"fields\": [\"Manager\"]}}]"}}, {"model": "admin.logentry", "pk": 132, "fields": {"action_time": "2021-06-03T14:08:05.321Z", "user": 1, "content_type": 9, "object_id": "10", "object_repr": "Kinpur black boost", "action_flag": 2, "change_message": "[{\"changed\": {\"fields\": [\"Manager\"]}}]"}}, {"model": "admin.logentry", "pk": 133, "fields": {"action_time": "2021-06-03T14:08:09.881Z", "user": 1, "content_type": 9, "object_id": "5", "object_repr": "Kinpur calming treats", "action_flag": 2, "change_message": "[{\"changed\": {\"fields\": [\"Manager\"]}}]"}}, {"model": "admin.logentry", "pk": 134, "fields": {"action_time": "2021-06-03T14:08:15.494Z", "user": 1, "content_type": 9, "object_id": "11", "object_repr": "Kinpur white boost", "action_flag": 2, "change_message": "[{\"changed\": {\"fields\": [\"Manager\"]}}]"}}, {"model": "admin.logentry", "pk": 135, "fields": {"action_time": "2021-06-03T14:08:20.680Z", "user": 1, "content_type": 9, "object_id": "12", "object_repr": "Kinpur white xp", "action_flag": 2, "change_message": "[{\"changed\": {\"fields\": [\"Manager\"]}}]"}}, {"model": "admin.logentry", "pk": 136, "fields": {"action_time": "2021-06-03T14:53:02.717Z", "user": 1, "content_type": 10, "object_id": "1", "object_repr": "Kinpur hemp cream", "action_flag": 1, "change_message": "[{\"added\": {}}]"}}, {"model": "admin.logentry", "pk": 137, "fields": {"action_time": "2021-06-03T14:56:56.607Z", "user": 1, "content_type": 10, "object_id": "2", "object_repr": "Swizon Pink", "action_flag": 1, "change_message": "[{\"added\": {}}]"}}, {"model": "admin.logentry", "pk": 138, "fields": {"action_time": "2021-06-03T14:59:09.014Z", "user": 1, "content_type": 10, "object_id": "3", "object_repr": "Swizon Black", "action_flag": 1, "change_message": "[{\"added\": {}}]"}}, {"model": "admin.logentry", "pk": 139, "fields": {"action_time": "2021-06-03T15:15:56.021Z", "user": 1, "content_type": 10, "object_id": "4", "object_repr": "Kinpur Retinol Gold", "action_flag": 1, "change_message": "[{\"added\": {}}]"}}, {"model": "admin.logentry", "pk": 140, "fields": {"action_time": "2021-06-03T15:19:39.405Z", "user": 1, "content_type": 10, "object_id": "5", "object_repr": "Kinpur retinol", "action_flag": 1, "change_message": "[{\"added\": {}}]"}}, {"model": "admin.logentry", "pk": 141, "fields": {"action_time": "2021-06-04T06:10:23.063Z", "user": 1, "content_type": 10, "object_id": "6", "object_repr": "Kinpur Eye Cream", "action_flag": 1, "change_message": "[{\"added\": {}}]"}}, {"model": "admin.logentry", "pk": 142, "fields": {"action_time": "2021-06-04T06:12:54.665Z", "user": 1, "content_type": 10, "object_id": "7", "object_repr": "Swizon Eye Cream", "action_flag": 1, "change_message": "[{\"added\": {}}]"}}, {"model": "admin.logentry", "pk": 143, "fields": {"action_time": "2021-06-04T06:13:13.355Z", "user": 1, "content_type": 10, "object_id": "6", "object_repr": "Kinpur Eye Cream", "action_flag": 2, "change_message": "[{\"changed\": {\"fields\": [\"Bsr\"]}}]"}}, {"model": "admin.logentry", "pk": 144, "fields": {"action_time": "2021-06-04T06:19:23.834Z", "user": 1, "content_type": 10, "object_id": "8", "object_repr": "Swizon retinol", "action_flag": 1, "change_message": "[{\"added\": {}}]"}}, {"model": "admin.logentry", "pk": 145, "fields": {"action_time": "2021-06-04T06:25:20.077Z", "user": 1, "content_type": 10, "object_id": "9", "object_repr": "Kinpur calming treats", "action_flag": 1, "change_message": "[{\"added\": {}}]"}}, {"model": "admin.logentry", "pk": 146, "fields": {"action_time": "2021-06-04T06:28:28.150Z", "user": 1, "content_type": 10, "object_id": "10", "object_repr": "Kinpur Hip&Joint Chews", "action_flag": 1, "change_message": "[{\"added\": {}}]"}}, {"model": "admin.logentry", "pk": 147, "fields": {"action_time": "2021-06-04T06:33:00.156Z", "user": 1, "content_type": 10, "object_id": "11", "object_repr": "Kinpur Allergy Chews", "action_flag": 1, "change_message": "[{\"added\": {}}]"}}, {"model": "admin.logentry", "pk": 148, "fields": {"action_time": "2021-06-04T06:35:36.477Z", "user": 1, "content_type": 10, "object_id": "12", "object_repr": "Kinpur Omega Chews", "action_flag": 1, "change_message": "[{\"added\": {}}]"}}, {"model": "admin.logentry", "pk": 149, "fields": {"action_time": "2021-06-04T06:44:24.827Z", "user": 1, "content_type": 10, "object_id": "13", "object_repr": "Kinpur Probiotic chews", "action_flag": 1, "change_message": "[{\"added\": {}}]"}}, {"model": "admin.logentry", "pk": 150, "fields": {"action_time": "2021-06-04T06:47:06.599Z", "user": 1, "content_type": 10, "object_id": "14", "object_repr": "Kinpur Hemp Oil 550k", "action_flag": 1, "change_message": "[{\"added\": {}}]"}}, {"model": "admin.logentry", "pk": 151, "fields": {"action_time": "2021-06-04T06:53:42.927Z", "user": 1, "content_type": 10, "object_id": "15", "object_repr": "hemp extract 60 capsules", "action_flag": 1, "change_message": "[{\"added\": {}}]"}}, {"model": "admin.logentry", "pk": 152, "fields": {"action_time": "2021-06-04T06:59:55.144Z", "user": 1, "content_type": 10, "object_id": "16", "object_repr": "Kinpur black boost", "action_flag": 1, "change_message": "[{\"added\": {}}]"}}, {"model": "admin.logentry", "pk": 153, "fields": {"action_time": "2021-06-04T07:01:37.741Z", "user": 1, "content_type": 10, "object_id": "17", "object_repr": "Kinpur white boost", "action_flag": 1, "change_message": "[{\"added\": {}}]"}}, {"model": "admin.logentry", "pk": 154, "fields": {"action_time": "2021-06-04T07:03:27.731Z", "user": 1, "content_type": 10, "object_id": "18", "object_repr": "Kinpur white xp", "action_flag": 1, "change_message": "[{\"added\": {}}]"}}, {"model": "admin.logentry", "pk": 155, "fields": {"action_time": "2021-06-04T07:09:26.152Z", "user": 1, "content_type": 10, "object_id": "18", "object_repr": "Kinpur white xp", "action_flag": 2, "change_message": "[{\"changed\": {\"fields\": [\"Asin\", \"Link\", \"Price\", \"Bsr\", \"Sales\", \"Rating\", \"Date\"]}}]"}}, {"model": "admin.logentry", "pk": 156, "fields": {"action_time": "2021-06-04T07:15:13.140Z", "user": 1, "content_type": 10, "object_id": "19", "object_repr": "Kinpur black xp", "action_flag": 1, "change_message": "[{\"added\": {}}]"}}, {"model": "admin.logentry", "pk": 157, "fields": {"action_time": "2021-06-04T07:18:16.633Z", "user": 1, "content_type": 9, "object_id": "57", "object_repr": "Kinpur Green Lawn", "action_flag": 1, "change_message": "[{\"added\": {}}]"}}, {"model": "admin.logentry", "pk": 158, "fields": {"action_time": "2021-06-04T07:20:34.930Z", "user": 1, "content_type": 10, "object_id": "20", "object_repr": "Kinpur Geen Lawn", "action_flag": 1, "change_message": "[{\"added\": {}}]"}}, {"model": "admin.logentry", "pk": 159, "fields": {"action_time": "2021-06-04T07:21:22.655Z", "user": 1, "content_type": 10, "object_id": "20", "object_repr": "Kinpur Green Lawn", "action_flag": 2, "change_message": "[{\"changed\": {\"fields\": [\"Product name\", \"Date\"]}}]"}}, {"model": "admin.logentry", "pk": 160, "fields": {"action_time": "2021-06-04T07:21:34.646Z", "user": 1, "content_type": 10, "object_id": "18", "object_repr": "Kinpur white xp", "action_flag": 2, "change_message": "[{\"changed\": {\"fields\": [\"Date\"]}}]"}}, {"model": "admin.logentry", "pk": 161, "fields": {"action_time": "2021-06-04T07:22:02.456Z", "user": 1, "content_type": 10, "object_id": "19", "object_repr": "Kinpur black xp", "action_flag": 2, "change_message": "[{\"changed\": {\"fields\": [\"Date\"]}}]"}}, {"model": "admin.logentry", "pk": 162, "fields": {"action_time": "2021-06-04T07:29:01.098Z", "user": 1, "content_type": 10, "object_id": "21", "object_repr": "kinpur keentox usa", "action_flag": 1, "change_message": "[{\"added\": {}}]"}}, {"model": "admin.logentry", "pk": 163, "fields": {"action_time": "2021-06-04T07:30:00.715Z", "user": 1, "content_type": 9, "object_id": "58", "object_repr": "Kinpur keentox UK", "action_flag": 1, "change_message": "[{\"added\": {}}]"}}, {"model": "admin.logentry", "pk": 164, "fields": {"action_time": "2021-06-04T07:31:33.843Z", "user": 1, "content_type": 10, "object_id": "22", "object_repr": "Kinpur keentox UK", "action_flag": 1, "change_message": "[{\"added\": {}}]"}}, {"model": "admin.logentry", "pk": 165, "fields": {"action_time": "2021-06-04T08:02:04.755Z", "user": 1, "content_type": 10, "object_id": "23", "object_repr": "Hemp Nature", "action_flag": 1, "change_message": "[{\"added\": {}}]"}}, {"model": "admin.logentry", "pk": 166, "fields": {"action_time": "2021-06-04T08:19:05.506Z", "user": 1, "content_type": 10, "object_id": "24", "object_repr": "Arvesa Relief", "action_flag": 1, "change_message": "[{\"added\": {}}]"}}, {"model": "admin.logentry", "pk": 167, "fields": {"action_time": "2021-06-04T08:21:09.891Z", "user": 1, "content_type": 10, "object_id": "25", "object_repr": "Artulano Retinol", "action_flag": 1, "change_message": "[{\"added\": {}}]"}}, {"model": "admin.logentry", "pk": 168, "fields": {"action_time": "2021-06-04T08:22:50.865Z", "user": 1, "content_type": 10, "object_id": "26", "object_repr": "Hemp Guard", "action_flag": 1, "change_message": "[{\"added\": {}}]"}}, {"model": "admin.logentry", "pk": 169, "fields": {"action_time": "2021-06-04T08:32:58.472Z", "user": 1, "content_type": 10, "object_id": "27", "object_repr": "Hemp Guard UK", "action_flag": 1, "change_message": "[{\"added\": {}}]"}}, {"model": "admin.logentry", "pk": 170, "fields": {"action_time": "2021-06-04T08:37:17.165Z", "user": 1, "content_type": 10, "object_id": "28", "object_repr": "Odeseana", "action_flag": 1, "change_message": "[{\"added\": {}}]"}}, {"model": "admin.logentry", "pk": 171, "fields": {"action_time": "2021-06-04T08:50:39.083Z", "user": 1, "content_type": 10, "object_id": "29", "object_repr": "Artulano Chews", "action_flag": 1, "change_message": "[{\"added\": {}}]"}}, {"model": "admin.logentry", "pk": 172, "fields": {"action_time": "2021-06-04T08:52:52.352Z", "user": 1, "content_type": 10, "object_id": "30", "object_repr": "Helopssa Chews", "action_flag": 1, "change_message": "[{\"added\": {}}]"}}, {"model": "admin.logentry", "pk": 173, "fields": {"action_time": "2021-06-04T08:54:21.844Z", "user": 1, "content_type": 10, "object_id": "31", "object_repr": "Artulano Eye Cream", "action_flag": 1, "change_message": "[{\"added\": {}}]"}}, {"model": "admin.logentry", "pk": 174, "fields": {"action_time": "2021-06-04T08:56:07.308Z", "user": 1, "content_type": 10, "object_id": "32", "object_repr": "Hemp Cares 1-pack", "action_flag": 1, "change_message": "[{\"added\": {}}]"}}, {"model": "admin.logentry", "pk": 175, "fields": {"action_time": "2021-06-04T08:57:43.938Z", "user": 1, "content_type": 10, "object_id": "33", "object_repr": "Hemp Cares 2-packs", "action_flag": 1, "change_message": "[{\"added\": {}}]"}}, {"model": "admin.logentry", "pk": 176, "fields": {"action_time": "2021-06-04T08:59:13.818Z", "user": 1, "content_type": 10, "object_id": "34", "object_repr": "Hemp Love 1-pack", "action_flag": 1, "change_message": "[{\"added\": {}}]"}}, {"model": "admin.logentry", "pk": 177, "fields": {"action_time": "2021-06-04T09:00:15.359Z", "user": 1, "content_type": 10, "object_id": "35", "object_repr": "Hemp Love 2-packs", "action_flag": 1, "change_message": "[{\"added\": {}}]"}}, {"model": "admin.logentry", "pk": 178, "fields": {"action_time": "2021-06-04T09:02:28.894Z", "user": 1, "content_type": 10, "object_id": "36", "object_repr": "Hemp Joy 1-pack", "action_flag": 1, "change_message": "[{\"added\": {}}]"}}, {"model": "admin.logentry", "pk": 179, "fields": {"action_time": "2021-06-04T09:03:12.959Z", "user": 1, "content_type": 9, "object_id": "59", "object_repr": "Hemp Joy UK", "action_flag": 1, "change_message": "[{\"added\": {}}]"}}, {"model": "admin.logentry", "pk": 180, "fields": {"action_time": "2021-06-04T09:03:19.997Z", "user": 1, "content_type": 10, "object_id": "36", "object_repr": "Hemp Joy 1-pack UK", "action_flag": 2, "change_message": "[{\"changed\": {\"fields\": [\"Product name\", \"Type\"]}}]"}}, {"model": "admin.logentry", "pk": 181, "fields": {"action_time": "2021-06-04T09:09:03.494Z", "user": 1, "content_type": 10, "object_id": "37", "object_repr": "Kinpur Hemp Joy US", "action_flag": 1, "change_message": "[{\"added\": {}}]"}}, {"model": "admin.logentry", "pk": 182, "fields": {"action_time": "2021-06-04T09:10:17.723Z", "user": 1, "content_type": 10, "object_id": "38", "object_repr": "Hemp Nutrition", "action_flag": 1, "change_message": "[{\"added\": {}}]"}}, {"model": "admin.logentry", "pk": 183, "fields": {"action_time": "2021-06-04T09:23:24.222Z", "user": 1, "content_type": 9, "object_id": "60", "object_repr": "Eluxum Zinc Capsules", "action_flag": 1, "change_message": "[{\"added\": {}}]"}}, {"model": "admin.logentry", "pk": 184, "fields": {"action_time": "2021-06-04T09:23:30.110Z", "user": 1, "content_type": 10, "object_id": "39", "object_repr": "Eluxum Zinc Capsules 2-pack", "action_flag": 1, "change_message": "[{\"added\": {}}]"}}, {"model": "admin.logentry", "pk": 185, "fields": {"action_time": "2021-06-04T09:25:00.822Z", "user": 1, "content_type": 10, "object_id": "40", "object_repr": "Artulano Zinc Capsules", "action_flag": 1, "change_message": "[{\"added\": {}}]"}}, {"model": "admin.logentry", "pk": 186, "fields": {"action_time": "2021-06-04T09:28:31.683Z", "user": 1, "content_type": 10, "object_id": "41", "object_repr": "Alphaworld Lung Cleanse", "action_flag": 1, "change_message": "[{\"added\": {}}]"}}, {"model": "admin.logentry", "pk": 187, "fields": {"action_time": "2021-06-04T09:29:14.289Z", "user": 1, "content_type": 10, "object_id": "41", "object_repr": "Alphaworld Lung Cleanse", "action_flag": 2, "change_message": "[{\"changed\": {\"fields\": [\"Brand\"]}}]"}}, {"model": "admin.logentry", "pk": 188, "fields": {"action_time": "2021-06-04T09:31:19.156Z", "user": 1, "content_type": 10, "object_id": "42", "object_repr": "Rastenix Lung Cleanse", "action_flag": 1, "change_message": "[{\"added\": {}}]"}}, {"model": "admin.logentry", "pk": 189, "fields": {"action_time": "2021-06-04T09:35:45.029Z", "user": 1, "content_type": 4, "object_id": "8", "object_repr": "Sasha", "action_flag": 1, "change_message": "[{\"added\": {}}]"}}, {"model": "admin.logentry", "pk": 190, "fields": {"action_time": "2021-06-04T09:35:52.090Z", "user": 1, "content_type": 8, "object_id": "8", "object_repr": "Sasha", "action_flag": 1, "change_message": "[{\"added\": {}}]"}}, {"model": "admin.logentry", "pk": 191, "fields": {"action_time": "2021-06-04T09:36:58.069Z", "user": 1, "content_type": 10, "object_id": "43", "object_repr": "Alphaworld Vitamin C", "action_flag": 1, "change_message": "[{\"added\": {}}]"}}, {"model": "admin.logentry", "pk": 192, "fields": {"action_time": "2021-06-04T09:38:22.946Z", "user": 1, "content_type": 10, "object_id": "44", "object_repr": "Artulano Keto", "action_flag": 1, "change_message": "[{\"added\": {}}]"}}, {"model": "admin.logentry", "pk": 193, "fields": {"action_time": "2021-06-04T09:40:26.255Z", "user": 1, "content_type": 10, "object_id": "45", "object_repr": "Rastenix Keto", "action_flag": 1, "change_message": "[{\"added\": {}}]"}}, {"model": "admin.logentry", "pk": 194, "fields": {"action_time": "2021-06-04T09:41:32.541Z", "user": 1, "content_type": 9, "object_id": "61", "object_repr": "Rastenix Keto white", "action_flag": 1, "change_message": "[{\"added\": {}}]"}}, {"model": "admin.logentry", "pk": 195, "fields": {"action_time": "2021-06-04T09:42:11.299Z", "user": 1, "content_type": 10, "object_id": "46", "object_repr": "Rastenix keto white", "action_flag": 1, "change_message": "[{\"added\": {}}]"}}, {"model": "admin.logentry", "pk": 196, "fields": {"action_time": "2021-06-04T09:43:48.425Z", "user": 1, "content_type": 10, "object_id": "47", "object_repr": "Lariolla Aloe Gel", "action_flag": 1, "change_message": "[{\"added\": {}}]"}}, {"model": "admin.logentry", "pk": 197, "fields": {"action_time": "2021-06-04T09:44:58.752Z", "user": 1, "content_type": 10, "object_id": "48", "object_repr": "Arvesa Aloe Gel", "action_flag": 1, "change_message": "[{\"added\": {}}]"}}, {"model": "admin.logentry", "pk": 198, "fields": {"action_time": "2021-06-04T09:46:20.167Z", "user": 1, "content_type": 10, "object_id": "49", "object_repr": "NutraFaza Sea Moss", "action_flag": 1, "change_message": "[{\"added\": {}}]"}}, {"model": "admin.logentry", "pk": 199, "fields": {"action_time": "2021-06-04T09:47:40.361Z", "user": 1, "content_type": 10, "object_id": "50", "object_repr": "NutraFaza Sea Moss Green", "action_flag": 1, "change_message": "[{\"added\": {}}]"}}, {"model": "admin.logentry", "pk": 200, "fields": {"action_time": "2021-06-04T09:50:11.318Z", "user": 1, "content_type": 4, "object_id": "9", "object_repr": "Zenya", "action_flag": 1, "change_message": "[{\"added\": {}}]"}}, {"model": "admin.logentry", "pk": 201, "fields": {"action_time": "2021-06-04T09:50:16.811Z", "user": 1, "content_type": 8, "object_id": "9", "object_repr": "Zenya", "action_flag": 1, "change_message": "[{\"added\": {}}]"}}, {"model": "admin.logentry", "pk": 202, "fields": {"action_time": "2021-06-04T09:51:25.709Z", "user": 1, "content_type": 10, "object_id": "51", "object_repr": "NutraFaza Biotin Gummies", "action_flag": 1, "change_message": "[{\"added\": {}}]"}}, {"model": "admin.logentry", "pk": 203, "fields": {"action_time": "2021-06-04T09:52:43.772Z", "user": 1, "content_type": 10, "object_id": "52", "object_repr": "Collagen Gummies", "action_flag": 1, "change_message": "[{\"added\": {}}]"}}, {"model": "admin.logentry", "pk": 204, "fields": {"action_time": "2021-06-04T09:54:11.346Z", "user": 1, "content_type": 10, "object_id": "53", "object_repr": "Melatonin Gummies", "action_flag": 1, "change_message": "[{\"added\": {}}]"}}, {"model": "admin.logentry", "pk": 205, "fields": {"action_time": "2021-06-04T09:56:19.844Z", "user": 1, "content_type": 10, "object_id": "54", "object_repr": "Vitamin C Gummies", "action_flag": 1, "change_message": "[{\"added\": {}}]"}}, {"model": "admin.logentry", "pk": 206, "fields": {"action_time": "2021-06-04T09:57:31.904Z", "user": 1, "content_type": 10, "object_id": "55", "object_repr": "Hair Vitamin Gummies", "action_flag": 1, "change_message": "[{\"added\": {}}]"}}, {"model": "admin.logentry", "pk": 207, "fields": {"action_time": "2021-06-04T09:59:13.815Z", "user": 1, "content_type": 10, "object_id": "56", "object_repr": "Elderberry Gummies", "action_flag": 1, "change_message": "[{\"added\": {}}]"}}, {"model": "admin.logentry", "pk": 208, "fields": {"action_time": "2021-06-04T10:00:14.592Z", "user": 1, "content_type": 10, "object_id": "57", "object_repr": "Multivitamin Gummies", "action_flag": 1, "change_message": "[{\"added\": {}}]"}}, {"model": "admin.logentry", "pk": 209, "fields": {"action_time": "2021-06-04T11:19:32.634Z", "user": 1, "content_type": 10, "object_id": "58", "object_repr": "Vitamin D3 Gummies", "action_flag": 1, "change_message": "[{\"added\": {}}]"}}, {"model": "admin.logentry", "pk": 210, "fields": {"action_time": "2021-06-04T11:20:23.647Z", "user": 1, "content_type": 9, "object_id": "30", "object_repr": "Apple Cider Vinegar", "action_flag": 2, "change_message": "[{\"changed\": {\"fields\": [\"Type\"]}}]"}}, {"model": "admin.logentry", "pk": 211, "fields": {"action_time": "2021-06-04T11:21:31.470Z", "user": 1, "content_type": 10, "object_id": "59", "object_repr": "Apple Cider Vinegar", "action_flag": 1, "change_message": "[{\"added\": {}}]"}}, {"model": "admin.logentry", "pk": 212, "fields": {"action_time": "2021-06-04T11:24:30.409Z", "user": 1, "content_type": 10, "object_id": "60", "object_repr": "Green Tea Matcha", "action_flag": 1, "change_message": "[{\"added\": {}}]"}}, {"model": "admin.logentry", "pk": 213, "fields": {"action_time": "2021-06-04T11:31:22.374Z", "user": 1, "content_type": 10, "object_id": "61", "object_repr": "24k Gold Patches", "action_flag": 1, "change_message": "[{\"added\": {}}]"}}, {"model": "admin.logentry", "pk": 214, "fields": {"action_time": "2021-06-04T11:33:37.830Z", "user": 1, "content_type": 9, "object_id": "62", "object_repr": "Artulano Allergy", "action_flag": 1, "change_message": "[{\"added\": {}}]"}}, {"model": "admin.logentry", "pk": 215, "fields": {"action_time": "2021-06-04T11:34:59.281Z", "user": 1, "content_type": 10, "object_id": "62", "object_repr": "Artulano Allerdgy", "action_flag": 1, "change_message": "[{\"added\": {}}]"}}, {"model": "admin.logentry", "pk": 216, "fields": {"action_time": "2021-06-04T11:36:50.620Z", "user": 1, "content_type": 9, "object_id": "63", "object_repr": "Green Lawn Chews", "action_flag": 1, "change_message": "[{\"added\": {}}]"}}, {"model": "admin.logentry", "pk": 217, "fields": {"action_time": "2021-06-04T11:37:49.373Z", "user": 1, "content_type": 9, "object_id": "63", "object_repr": "Green Lawn Chews", "action_flag": 3, "change_message": ""}}, {"model": "admin.logentry", "pk": 218, "fields": {"action_time": "2021-06-04T12:44:46.489Z", "user": 1, "content_type": 10, "object_id": "39", "object_repr": "Eluxum Zinc Capsules", "action_flag": 2, "change_message": "[{\"changed\": {\"fields\": [\"Product name\"]}}]"}}, {"model": "admin.logentry", "pk": 219, "fields": {"action_time": "2021-06-04T12:49:48.571Z", "user": 1, "content_type": 9, "object_id": "33", "object_repr": "Multivitamin Gummies", "action_flag": 2, "change_message": "[{\"changed\": {\"fields\": [\"Type\"]}}]"}}, {"model": "admin.logentry", "pk": 220, "fields": {"action_time": "2021-06-04T12:50:16.050Z", "user": 1, "content_type": 9, "object_id": "28", "object_repr": "Hair Vitamin Gummies", "action_flag": 2, "change_message": "[{\"changed\": {\"fields\": [\"Type\"]}}]"}}, {"model": "admin.logentry", "pk": 221, "fields": {"action_time": "2021-06-04T12:50:24.566Z", "user": 1, "content_type": 10, "object_id": "55", "object_repr": "Hair Vitamin Gummies", "action_flag": 2, "change_message": "[]"}}, {"model": "admin.logentry", "pk": 222, "fields": {"action_time": "2021-06-04T12:50:48.421Z", "user": 1, "content_type": 9, "object_id": "25", "object_repr": "Melatonin Gummies", "action_flag": 2, "change_message": "[{\"changed\": {\"fields\": [\"Type\"]}}]"}}, {"model": "admin.logentry", "pk": 223, "fields": {"action_time": "2021-06-04T12:54:06.579Z", "user": 1, "content_type": 10, "object_id": "51", "object_repr": "Biotin Gummies", "action_flag": 2, "change_message": "[{\"changed\": {\"fields\": [\"Product name\"]}}]"}}, {"model": "admin.logentry", "pk": 224, "fields": {"action_time": "2021-06-04T12:54:27.244Z", "user": 1, "content_type": 9, "object_id": "18", "object_repr": "Sea Moss Green", "action_flag": 2, "change_message": "[{\"changed\": {\"fields\": [\"Type\"]}}]"}}, {"model": "admin.logentry", "pk": 225, "fields": {"action_time": "2021-06-04T12:54:30.126Z", "user": 1, "content_type": 10, "object_id": "50", "object_repr": "Sea Moss Green", "action_flag": 2, "change_message": "[{\"changed\": {\"fields\": [\"Product name\"]}}]"}}, {"model": "admin.logentry", "pk": 226, "fields": {"action_time": "2021-06-04T12:54:48.481Z", "user": 1, "content_type": 9, "object_id": "17", "object_repr": "NutraFaza Sea Moss", "action_flag": 2, "change_message": "[{\"changed\": {\"fields\": [\"Type\"]}}]"}}, {"model": "admin.logentry", "pk": 227, "fields": {"action_time": "2021-06-04T12:54:54.102Z", "user": 1, "content_type": 10, "object_id": "49", "object_repr": "NutraFaza Sea Moss", "action_flag": 2, "change_message": "[]"}}, {"model": "admin.logentry", "pk": 228, "fields": {"action_time": "2021-06-04T12:54:59.849Z", "user": 1, "content_type": 10, "object_id": "48", "object_repr": "Arvesa Aloe Gel", "action_flag": 2, "change_message": "[]"}}, {"model": "admin.logentry", "pk": 229, "fields": {"action_time": "2021-06-04T12:55:05.038Z", "user": 1, "content_type": 10, "object_id": "47", "object_repr": "Lariolla Aloe Gel", "action_flag": 2, "change_message": "[]"}}, {"model": "admin.logentry", "pk": 230, "fields": {"action_time": "2021-06-04T12:55:13.896Z", "user": 1, "content_type": 10, "object_id": "46", "object_repr": "Rastenix keto white", "action_flag": 2, "change_message": "[]"}}, {"model": "admin.logentry", "pk": 231, "fields": {"action_time": "2021-06-04T12:55:26.441Z", "user": 1, "content_type": 9, "object_id": "15", "object_repr": "Rastenix keto", "action_flag": 2, "change_message": "[{\"changed\": {\"fields\": [\"Type\"]}}]"}}, {"model": "admin.logentry", "pk": 232, "fields": {"action_time": "2021-06-04T12:55:28.278Z", "user": 1, "content_type": 10, "object_id": "45", "object_repr": "Rastenix Keto", "action_flag": 2, "change_message": "[]"}}, {"model": "admin.logentry", "pk": 233, "fields": {"action_time": "2021-06-04T12:55:36.792Z", "user": 1, "content_type": 10, "object_id": "44", "object_repr": "Artulano Keto", "action_flag": 2, "change_message": "[]"}}, {"model": "admin.logentry", "pk": 234, "fields": {"action_time": "2021-06-04T12:55:44.954Z", "user": 1, "content_type": 10, "object_id": "43", "object_repr": "Alphaworld Vitamin C", "action_flag": 2, "change_message": "[]"}}, {"model": "admin.logentry", "pk": 235, "fields": {"action_time": "2021-06-04T12:55:53.307Z", "user": 1, "content_type": 10, "object_id": "42", "object_repr": "Rastenix Lung Cleanse", "action_flag": 2, "change_message": "[]"}}, {"model": "admin.logentry", "pk": 236, "fields": {"action_time": "2021-06-04T12:56:00.941Z", "user": 1, "content_type": 10, "object_id": "41", "object_repr": "Alphaworld Lung Cleanse", "action_flag": 2, "change_message": "[]"}}, {"model": "admin.logentry", "pk": 237, "fields": {"action_time": "2021-06-04T12:56:06.472Z", "user": 1, "content_type": 10, "object_id": "40", "object_repr": "Artulano Zinc Capsules", "action_flag": 2, "change_message": "[]"}}, {"model": "admin.logentry", "pk": 238, "fields": {"action_time": "2021-06-04T12:56:13.826Z", "user": 1, "content_type": 10, "object_id": "39", "object_repr": "Eluxum Zinc Capsules", "action_flag": 2, "change_message": "[]"}}, {"model": "admin.logentry", "pk": 239, "fields": {"action_time": "2021-06-04T12:56:24.977Z", "user": 1, "content_type": 9, "object_id": "55", "object_repr": "Hemp nutrition", "action_flag": 2, "change_message": "[{\"changed\": {\"fields\": [\"Type\"]}}]"}}, {"model": "admin.logentry", "pk": 240, "fields": {"action_time": "2021-06-04T12:56:26.743Z", "user": 1, "content_type": 10, "object_id": "38", "object_repr": "Hemp Nutrition", "action_flag": 2, "change_message": "[]"}}, {"model": "admin.logentry", "pk": 241, "fields": {"action_time": "2021-06-04T12:56:48.413Z", "user": 1, "content_type": 9, "object_id": "54", "object_repr": "Hemp Joy 1pack US", "action_flag": 2, "change_message": "[{\"changed\": {\"fields\": [\"Type\"]}}]"}}, {"model": "admin.logentry", "pk": 242, "fields": {"action_time": "2021-06-04T12:57:08.768Z", "user": 1, "content_type": 9, "object_id": "54", "object_repr": "Hemp Joy 1-pack US", "action_flag": 2, "change_message": "[{\"changed\": {\"fields\": [\"Type\"]}}]"}}, {"model": "admin.logentry", "pk": 243, "fields": {"action_time": "2021-06-04T12:57:10.606Z", "user": 1, "content_type": 10, "object_id": "37", "object_repr": "Hemp Joy 1-pack US", "action_flag": 2, "change_message": "[{\"changed\": {\"fields\": [\"Product name\"]}}]"}}, {"model": "admin.logentry", "pk": 244, "fields": {"action_time": "2021-06-04T12:57:22.984Z", "user": 1, "content_type": 10, "object_id": "36", "object_repr": "Hemp Joy UK", "action_flag": 2, "change_message": "[{\"changed\": {\"fields\": [\"Product name\"]}}]"}}, {"model": "admin.logentry", "pk": 245, "fields": {"action_time": "2021-06-04T12:57:34.158Z", "user": 1, "content_type": 9, "object_id": "53", "object_repr": "Hemp love 2pack", "action_flag": 2, "change_message": "[{\"changed\": {\"fields\": [\"Type\"]}}]"}}, {"model": "admin.logentry", "pk": 246, "fields": {"action_time": "2021-06-04T12:57:42.045Z", "user": 1, "content_type": 10, "object_id": "35", "object_repr": "Hemp Love 2pack", "action_flag": 2, "change_message": "[{\"changed\": {\"fields\": [\"Product name\"]}}]"}}, {"model": "admin.logentry", "pk": 247, "fields": {"action_time": "2021-06-04T12:58:06.107Z", "user": 1, "content_type": 9, "object_id": "52", "object_repr": "Hemp love 1pack", "action_flag": 2, "change_message": "[{\"changed\": {\"fields\": [\"Type\"]}}]"}}, {"model": "admin.logentry", "pk": 248, "fields": {"action_time": "2021-06-04T12:58:10.676Z", "user": 1, "content_type": 10, "object_id": "34", "object_repr": "Hemp Love 1pack", "action_flag": 2, "change_message": "[{\"changed\": {\"fields\": [\"Product name\"]}}]"}}, {"model": "admin.logentry", "pk": 249, "fields": {"action_time": "2021-06-04T12:58:46.990Z", "user": 1, "content_type": 9, "object_id": "51", "object_repr": "Hemp Cares 2pack", "action_flag": 2, "change_message": "[{\"changed\": {\"fields\": [\"Type\"]}}]"}}, {"model": "admin.logentry", "pk": 250, "fields": {"action_time": "2021-06-04T12:58:50.783Z", "user": 1, "content_type": 10, "object_id": "33", "object_repr": "Hemp Cares 2pack", "action_flag": 2, "change_message": "[{\"changed\": {\"fields\": [\"Product name\"]}}]"}}, {"model": "admin.logentry", "pk": 251, "fields": {"action_time": "2021-06-04T12:59:03.354Z", "user": 1, "content_type": 9, "object_id": "56", "object_repr": "Hemp Сares 1pack", "action_flag": 2, "change_message": "[{\"changed\": {\"fields\": [\"Type\"]}}]"}}, {"model": "admin.logentry", "pk": 252, "fields": {"action_time": "2021-06-04T12:59:08.790Z", "user": 1, "content_type": 10, "object_id": "32", "object_repr": "Hemp Cares 1pack", "action_flag": 2, "change_message": "[{\"changed\": {\"fields\": [\"Product name\"]}}]"}}, {"model": "admin.logentry", "pk": 253, "fields": {"action_time": "2021-06-04T12:59:18.691Z", "user": 1, "content_type": 10, "object_id": "31", "object_repr": "Artulano Eye Cream", "action_flag": 2, "change_message": "[]"}}, {"model": "admin.logentry", "pk": 254, "fields": {"action_time": "2021-06-04T12:59:26.944Z", "user": 1, "content_type": 10, "object_id": "30", "object_repr": "Helopssa Chews", "action_flag": 2, "change_message": "[]"}}, {"model": "admin.logentry", "pk": 255, "fields": {"action_time": "2021-06-04T12:59:56.627Z", "user": 1, "content_type": 9, "object_id": "48", "object_repr": "Hemp Guard UK", "action_flag": 2, "change_message": "[{\"changed\": {\"fields\": [\"Type\"]}}]"}}, {"model": "admin.logentry", "pk": 256, "fields": {"action_time": "2021-06-04T13:00:02.882Z", "user": 1, "content_type": 10, "object_id": "27", "object_repr": "Hemp Guard UK", "action_flag": 2, "change_message": "[]"}}, {"model": "admin.logentry", "pk": 257, "fields": {"action_time": "2021-06-04T13:00:55.400Z", "user": 1, "content_type": 9, "object_id": "48", "object_repr": "Hemp Guard US", "action_flag": 2, "change_message": "[{\"changed\": {\"fields\": [\"Type\"]}}]"}}, {"model": "admin.logentry", "pk": 258, "fields": {"action_time": "2021-06-04T13:01:00.874Z", "user": 1, "content_type": 10, "object_id": "26", "object_repr": "Hemp Guard US", "action_flag": 2, "change_message": "[{\"changed\": {\"fields\": [\"Product name\"]}}]"}}, {"model": "admin.logentry", "pk": 259, "fields": {"action_time": "2021-06-04T13:01:36.966Z", "user": 1, "content_type": 9, "object_id": "49", "object_repr": "Hemp Nature", "action_flag": 2, "change_message": "[{\"changed\": {\"fields\": [\"Type\"]}}]"}}, {"model": "admin.logentry", "pk": 260, "fields": {"action_time": "2021-06-04T13:01:39.801Z", "user": 1, "content_type": 10, "object_id": "23", "object_repr": "Hemp Nature", "action_flag": 2, "change_message": "[]"}}, {"model": "admin.logentry", "pk": 261, "fields": {"action_time": "2021-06-04T13:02:10.101Z", "user": 1, "content_type": 9, "object_id": "47", "object_repr": "hemp extract 60 capsules", "action_flag": 2, "change_message": "[{\"changed\": {\"fields\": [\"Type\"]}}]"}}, {"model": "admin.logentry", "pk": 262, "fields": {"action_time": "2021-06-04T13:03:14.821Z", "user": 1, "content_type": 10, "object_id": "8", "object_repr": "Swizon Retinol", "action_flag": 2, "change_message": "[{\"changed\": {\"fields\": [\"Product name\"]}}]"}}, {"model": "admin.logentry", "pk": 263, "fields": {"action_time": "2021-06-04T13:04:23.700Z", "user": 1, "content_type": 9, "object_id": "45", "object_repr": "keentox US", "action_flag": 2, "change_message": "[{\"changed\": {\"fields\": [\"Type\"]}}]"}}, {"model": "admin.logentry", "pk": 264, "fields": {"action_time": "2021-06-04T13:04:31.273Z", "user": 1, "content_type": 10, "object_id": "21", "object_repr": "keentox US", "action_flag": 2, "change_message": "[{\"changed\": {\"fields\": [\"Product name\"]}}]"}}, {"model": "admin.logentry", "pk": 265, "fields": {"action_time": "2021-06-04T13:05:05.202Z", "user": 1, "content_type": 9, "object_id": "34", "object_repr": "Green Tea Match", "action_flag": 2, "change_message": "[{\"changed\": {\"fields\": [\"Type\"]}}]"}}, {"model": "admin.logentry", "pk": 266, "fields": {"action_time": "2021-06-04T13:05:20.123Z", "user": 1, "content_type": 9, "object_id": "35", "object_repr": "24k Gold Patches", "action_flag": 2, "change_message": "[{\"changed\": {\"fields\": [\"Type\"]}}]"}}, {"model": "admin.logentry", "pk": 267, "fields": {"action_time": "2021-06-04T13:05:23.200Z", "user": 1, "content_type": 10, "object_id": "61", "object_repr": "24k Gold Patches", "action_flag": 2, "change_message": "[]"}}, {"model": "admin.logentry", "pk": 268, "fields": {"action_time": "2021-06-04T13:05:43.344Z", "user": 1, "content_type": 10, "object_id": "62", "object_repr": "Artulano Allergy", "action_flag": 2, "change_message": "[{\"changed\": {\"fields\": [\"Product name\"]}}]"}}, {"model": "admin.logentry", "pk": 269, "fields": {"action_time": "2021-06-04T13:06:05.835Z", "user": 1, "content_type": 9, "object_id": "58", "object_repr": "Keentox UK", "action_flag": 2, "change_message": "[{\"changed\": {\"fields\": [\"Type\"]}}]"}}, {"model": "admin.logentry", "pk": 270, "fields": {"action_time": "2021-06-04T13:06:07.253Z", "user": 1, "content_type": 10, "object_id": "22", "object_repr": "Keentox UK", "action_flag": 2, "change_message": "[{\"changed\": {\"fields\": [\"Product name\"]}}]"}}, {"model": "admin.logentry", "pk": 271, "fields": {"action_time": "2021-06-07T12:19:04.540Z", "user": 1, "content_type": 4, "object_id": "10", "object_repr": "Промежуточный", "action_flag": 1, "change_message": "[{\"added\": {}}]"}}, {"model": "admin.logentry", "pk": 272, "fields": {"action_time": "2021-06-07T12:19:14.135Z", "user": 1, "content_type": 8, "object_id": "10", "object_repr": "Промежуточный", "action_flag": 1, "change_message": "[{\"added\": {}}]"}}, {"model": "admin.logentry", "pk": 273, "fields": {"action_time": "2021-06-07T12:19:22.708Z", "user": 1, "content_type": 8, "object_id": "10", "object_repr": "Промежуточный", "action_flag": 3, "change_message": ""}}, {"model": "admin.logentry", "pk": 274, "fields": {"action_time": "2021-06-07T12:19:31.374Z", "user": 1, "content_type": 8, "object_id": "3", "object_repr": "Igor", "action_flag": 2, "change_message": "[{\"changed\": {\"fields\": [\"User\"]}}]"}}, {"model": "admin.logentry", "pk": 275, "fields": {"action_time": "2021-06-07T12:19:44.382Z", "user": 1, "content_type": 8, "object_id": "5", "object_repr": "Yana", "action_flag": 2, "change_message": "[{\"changed\": {\"fields\": [\"User\"]}}]"}}, {"model": "admin.logentry", "pk": 276, "fields": {"action_time": "2021-06-07T12:20:01.590Z", "user": 1, "content_type": 8, "object_id": "3", "object_repr": "YanaArvach", "action_flag": 2, "change_message": "[{\"changed\": {\"fields\": [\"User\", \"Username\"]}}]"}}, {"model": "admin.logentry", "pk": 277, "fields": {"action_time": "2021-06-07T12:20:09.761Z", "user": 1, "content_type": 8, "object_id": "5", "object_repr": "Igor", "action_flag": 2, "change_message": "[{\"changed\": {\"fields\": [\"Username\"]}}]"}}, {"model": "admin.logentry", "pk": 278, "fields": {"action_time": "2021-06-07T12:49:17.554Z", "user": 1, "content_type": 4, "object_id": "5", "object_repr": "Yana", "action_flag": 2, "change_message": "[{\"changed\": {\"fields\": [\"Username\"]}}]"}}, {"model": "admin.logentry", "pk": 279, "fields": {"action_time": "2021-06-07T12:49:39.754Z", "user": 1, "content_type": 4, "object_id": "5", "object_repr": "YanaArvach", "action_flag": 2, "change_message": "[{\"changed\": {\"fields\": [\"Username\"]}}]"}}, {"model": "admin.logentry", "pk": 280, "fields": {"action_time": "2021-06-07T12:49:42.463Z", "user": 1, "content_type": 8, "object_id": "3", "object_repr": "Yana", "action_flag": 2, "change_message": "[{\"changed\": {\"fields\": [\"Username\"]}}]"}}, {"model": "admin.logentry", "pk": 281, "fields": {"action_time": "2021-06-07T12:52:44.671Z", "user": 1, "content_type": 9, "object_id": "62", "object_repr": "Artulano Allergy", "action_flag": 2, "change_message": "[{\"changed\": {\"fields\": [\"Manager\"]}}]"}}, {"model": "admin.logentry", "pk": 282, "fields": {"action_time": "2021-06-07T12:53:07.812Z", "user": 1, "content_type": 10, "object_id": "62", "object_repr": "Artulano Allergy", "action_flag": 2, "change_message": "[{\"changed\": {\"fields\": [\"Manager\"]}}]"}}, {"model": "admin.logentry", "pk": 283, "fields": {"action_time": "2021-06-07T12:53:27.723Z", "user": 1, "content_type": 9, "object_id": "26", "object_repr": "Vitamin D3 Gummies", "action_flag": 2, "change_message": "[{\"changed\": {\"fields\": [\"Manager\"]}}]"}}, {"model": "admin.logentry", "pk": 284, "fields": {"action_time": "2021-06-07T12:53:30.109Z", "user": 1, "content_type": 10, "object_id": "58", "object_repr": "Vitamin D3 Gummies", "action_flag": 2, "change_message": "[]"}}, {"model": "admin.logentry", "pk": 285, "fields": {"action_time": "2021-06-07T12:53:39.930Z", "user": 1, "content_type": 9, "object_id": "33", "object_repr": "Multivitamin Gummies", "action_flag": 2, "change_message": "[{\"changed\": {\"fields\": [\"Manager\"]}}]"}}, {"model": "admin.logentry", "pk": 286, "fields": {"action_time": "2021-06-07T12:53:41.412Z", "user": 1, "content_type": 10, "object_id": "57", "object_repr": "Multivitamin Gummies", "action_flag": 2, "change_message": "[]"}}, {"model": "admin.logentry", "pk": 287, "fields": {"action_time": "2021-06-07T12:53:51.928Z", "user": 1, "content_type": 9, "object_id": "29", "object_repr": "Elderberry Gummies", "action_flag": 2, "change_message": "[{\"changed\": {\"fields\": [\"Manager\"]}}]"}}, {"model": "admin.logentry", "pk": 288, "fields": {"action_time": "2021-06-07T12:53:53.540Z", "user": 1, "content_type": 10, "object_id": "56", "object_repr": "Elderberry Gummies", "action_flag": 2, "change_message": "[]"}}, {"model": "admin.logentry", "pk": 289, "fields": {"action_time": "2021-06-07T12:54:04.582Z", "user": 1, "content_type": 9, "object_id": "28", "object_repr": "Hair Vitamin Gummies", "action_flag": 2, "change_message": "[{\"changed\": {\"fields\": [\"Manager\"]}}]"}}, {"model": "admin.logentry", "pk": 290, "fields": {"action_time": "2021-06-07T12:54:06.478Z", "user": 1, "content_type": 10, "object_id": "55", "object_repr": "Hair Vitamin Gummies", "action_flag": 2, "change_message": "[]"}}, {"model": "admin.logentry", "pk": 291, "fields": {"action_time": "2021-06-07T12:54:15.971Z", "user": 1, "content_type": 9, "object_id": "27", "object_repr": "Vitamin C Gummies", "action_flag": 2, "change_message": "[{\"changed\": {\"fields\": [\"Manager\"]}}]"}}, {"model": "admin.logentry", "pk": 292, "fields": {"action_time": "2021-06-07T12:54:17.163Z", "user": 1, "content_type": 10, "object_id": "54", "object_repr": "Vitamin C Gummies", "action_flag": 2, "change_message": "[]"}}, {"model": "admin.logentry", "pk": 293, "fields": {"action_time": "2021-06-07T12:54:28.640Z", "user": 1, "content_type": 9, "object_id": "32", "object_repr": "Collagen Gummies", "action_flag": 2, "change_message": "[{\"changed\": {\"fields\": [\"Manager\"]}}]"}}, {"model": "admin.logentry", "pk": 294, "fields": {"action_time": "2021-06-07T12:54:30.258Z", "user": 1, "content_type": 10, "object_id": "52", "object_repr": "Collagen Gummies", "action_flag": 2, "change_message": "[]"}}, {"model": "admin.logentry", "pk": 295, "fields": {"action_time": "2021-06-07T12:54:35.870Z", "user": 1, "content_type": 9, "object_id": "32", "object_repr": "Collagen Gummies", "action_flag": 2, "change_message": "[]"}}, {"model": "admin.logentry", "pk": 296, "fields": {"action_time": "2021-06-07T12:54:36.905Z", "user": 1, "content_type": 10, "object_id": "52", "object_repr": "Collagen Gummies", "action_flag": 2, "change_message": "[]"}}, {"model": "admin.logentry", "pk": 297, "fields": {"action_time": "2021-06-07T12:54:47.168Z", "user": 1, "content_type": 9, "object_id": "31", "object_repr": "Biotin Gummies", "action_flag": 2, "change_message": "[{\"changed\": {\"fields\": [\"Manager\"]}}]"}}, {"model": "admin.logentry", "pk": 298, "fields": {"action_time": "2021-06-07T12:54:48.696Z", "user": 1, "content_type": 10, "object_id": "51", "object_repr": "Biotin Gummies", "action_flag": 2, "change_message": "[]"}}, {"model": "admin.logentry", "pk": 299, "fields": {"action_time": "2021-06-07T12:55:03.252Z", "user": 1, "content_type": 9, "object_id": "18", "object_repr": "Sea Moss Green", "action_flag": 2, "change_message": "[{\"changed\": {\"fields\": [\"Manager\"]}}]"}}, {"model": "admin.logentry", "pk": 300, "fields": {"action_time": "2021-06-07T12:55:04.686Z", "user": 1, "content_type": 10, "object_id": "50", "object_repr": "Sea Moss Green", "action_flag": 2, "change_message": "[{\"changed\": {\"fields\": [\"Manager\"]}}]"}}, {"model": "admin.logentry", "pk": 301, "fields": {"action_time": "2021-06-07T12:55:17.892Z", "user": 1, "content_type": 9, "object_id": "21", "object_repr": "Arvesa Aloe Gel", "action_flag": 2, "change_message": "[{\"changed\": {\"fields\": [\"Manager\"]}}]"}}, {"model": "admin.logentry", "pk": 302, "fields": {"action_time": "2021-06-07T12:55:19.344Z", "user": 1, "content_type": 10, "object_id": "48", "object_repr": "Arvesa Aloe Gel", "action_flag": 2, "change_message": "[{\"changed\": {\"fields\": [\"Manager\"]}}]"}}, {"model": "admin.logentry", "pk": 303, "fields": {"action_time": "2021-06-07T12:55:33.586Z", "user": 1, "content_type": 9, "object_id": "16", "object_repr": "Artulano Keto", "action_flag": 2, "change_message": "[{\"changed\": {\"fields\": [\"Manager\"]}}]"}}, {"model": "admin.logentry", "pk": 304, "fields": {"action_time": "2021-06-07T12:55:34.739Z", "user": 1, "content_type": 10, "object_id": "44", "object_repr": "Artulano Keto", "action_flag": 2, "change_message": "[{\"changed\": {\"fields\": [\"Manager\"]}}]"}}, {"model": "admin.logentry", "pk": 305, "fields": {"action_time": "2021-06-07T12:56:45.237Z", "user": 1, "content_type": 9, "object_id": "20", "object_repr": "Lariolla Aloe Gel", "action_flag": 2, "change_message": "[{\"changed\": {\"fields\": [\"Manager\"]}}]"}}, {"model": "admin.logentry", "pk": 306, "fields": {"action_time": "2021-06-07T12:56:47.223Z", "user": 1, "content_type": 10, "object_id": "47", "object_repr": "Lariolla Aloe Gel", "action_flag": 2, "change_message": "[{\"changed\": {\"fields\": [\"Manager\"]}}]"}}, {"model": "admin.logentry", "pk": 307, "fields": {"action_time": "2021-06-07T12:57:22.907Z", "user": 1, "content_type": 9, "object_id": "19", "object_repr": "Alphaworld Vitamin C", "action_flag": 2, "change_message": "[{\"changed\": {\"fields\": [\"Manager\"]}}]"}}, {"model": "admin.logentry", "pk": 308, "fields": {"action_time": "2021-06-07T12:57:24.236Z", "user": 1, "content_type": 10, "object_id": "43", "object_repr": "Alphaworld Vitamin C", "action_flag": 2, "change_message": "[]"}}, {"model": "admin.logentry", "pk": 309, "fields": {"action_time": "2021-06-07T12:58:51.088Z", "user": 1, "content_type": 9, "object_id": "23", "object_repr": "Rastenix Lung Cleanse", "action_flag": 2, "change_message": "[{\"changed\": {\"fields\": [\"Manager\"]}}]"}}, {"model": "admin.logentry", "pk": 310, "fields": {"action_time": "2021-06-07T12:58:52.504Z", "user": 1, "content_type": 10, "object_id": "42", "object_repr": "Rastenix Lung Cleanse", "action_flag": 2, "change_message": "[{\"changed\": {\"fields\": [\"Manager\"]}}]"}}, {"model": "admin.logentry", "pk": 311, "fields": {"action_time": "2021-06-07T12:59:10.074Z", "user": 1, "content_type": 9, "object_id": "19", "object_repr": "Alphaworld Vitamin C", "action_flag": 2, "change_message": "[]"}}, {"model": "admin.logentry", "pk": 312, "fields": {"action_time": "2021-06-07T12:59:11.045Z", "user": 1, "content_type": 10, "object_id": "43", "object_repr": "Alphaworld Vitamin C", "action_flag": 2, "change_message": "[]"}}, {"model": "admin.logentry", "pk": 313, "fields": {"action_time": "2021-06-07T12:59:29.561Z", "user": 1, "content_type": 9, "object_id": "22", "object_repr": "Artulano Zinc Capsules", "action_flag": 2, "change_message": "[{\"changed\": {\"fields\": [\"Manager\"]}}]"}}, {"model": "admin.logentry", "pk": 314, "fields": {"action_time": "2021-06-07T12:59:30.529Z", "user": 1, "content_type": 10, "object_id": "40", "object_repr": "Artulano Zinc Capsules", "action_flag": 2, "change_message": "[{\"changed\": {\"fields\": [\"Manager\"]}}]"}}, {"model": "admin.logentry", "pk": 315, "fields": {"action_time": "2021-06-07T12:59:49.004Z", "user": 1, "content_type": 9, "object_id": "60", "object_repr": "Eluxum Zinc Capsules", "action_flag": 2, "change_message": "[{\"changed\": {\"fields\": [\"Manager\"]}}]"}}, {"model": "admin.logentry", "pk": 316, "fields": {"action_time": "2021-06-07T12:59:50.219Z", "user": 1, "content_type": 10, "object_id": "39", "object_repr": "Eluxum Zinc Capsules", "action_flag": 2, "change_message": "[{\"changed\": {\"fields\": [\"Manager\"]}}]"}}, {"model": "admin.logentry", "pk": 317, "fields": {"action_time": "2021-06-07T13:01:47.605Z", "user": 1, "content_type": 9, "object_id": "42", "object_repr": "Artulano Eye Cream", "action_flag": 2, "change_message": "[{\"changed\": {\"fields\": [\"Manager\"]}}]"}}, {"model": "admin.logentry", "pk": 318, "fields": {"action_time": "2021-06-07T13:01:49.411Z", "user": 1, "content_type": 10, "object_id": "31", "object_repr": "Artulano Eye Cream", "action_flag": 2, "change_message": "[{\"changed\": {\"fields\": [\"Manager\"]}}]"}}, {"model": "admin.logentry", "pk": 319, "fields": {"action_time": "2021-06-07T13:02:15.120Z", "user": 1, "content_type": 9, "object_id": "38", "object_repr": "Swizon Retinol", "action_flag": 2, "change_message": "[{\"changed\": {\"fields\": [\"Manager\"]}}]"}}, {"model": "admin.logentry", "pk": 320, "fields": {"action_time": "2021-06-07T13:02:16.372Z", "user": 1, "content_type": 10, "object_id": "8", "object_repr": "Swizon Retinol", "action_flag": 2, "change_message": "[{\"changed\": {\"fields\": [\"Manager\"]}}]"}}, {"model": "admin.logentry", "pk": 321, "fields": {"action_time": "2021-06-07T13:02:28.232Z", "user": 1, "content_type": 9, "object_id": "39", "object_repr": "Artulano retinol", "action_flag": 2, "change_message": "[{\"changed\": {\"fields\": [\"Manager\"]}}]"}}, {"model": "admin.logentry", "pk": 322, "fields": {"action_time": "2021-06-07T13:02:29.326Z", "user": 1, "content_type": 10, "object_id": "25", "object_repr": "Artulano Retinol", "action_flag": 2, "change_message": "[{\"changed\": {\"fields\": [\"Manager\"]}}]"}}, {"model": "admin.logentry", "pk": 323, "fields": {"action_time": "2021-06-07T13:02:37.849Z", "user": 1, "content_type": 9, "object_id": "38", "object_repr": "Swizon Retinol", "action_flag": 2, "change_message": "[]"}}, {"model": "admin.logentry", "pk": 324, "fields": {"action_time": "2021-06-07T13:02:38.971Z", "user": 1, "content_type": 10, "object_id": "8", "object_repr": "Swizon Retinol", "action_flag": 2, "change_message": "[]"}}, {"model": "admin.logentry", "pk": 325, "fields": {"action_time": "2021-06-07T13:02:49.482Z", "user": 1, "content_type": 9, "object_id": "41", "object_repr": "Swizon Eye Cream", "action_flag": 2, "change_message": "[{\"changed\": {\"fields\": [\"Manager\"]}}]"}}, {"model": "admin.logentry", "pk": 326, "fields": {"action_time": "2021-06-07T13:02:50.793Z", "user": 1, "content_type": 10, "object_id": "7", "object_repr": "Swizon Eye Cream", "action_flag": 2, "change_message": "[{\"changed\": {\"fields\": [\"Manager\"]}}]"}}, {"model": "admin.logentry", "pk": 327, "fields": {"action_time": "2021-06-07T13:04:26.781Z", "user": 1, "content_type": 9, "object_id": "40", "object_repr": "Kinpur Eye Cream", "action_flag": 2, "change_message": "[{\"changed\": {\"fields\": [\"Manager\"]}}]"}}, {"model": "admin.logentry", "pk": 328, "fields": {"action_time": "2021-06-07T13:04:28.134Z", "user": 1, "content_type": 10, "object_id": "6", "object_repr": "Kinpur Eye Cream", "action_flag": 2, "change_message": "[{\"changed\": {\"fields\": [\"Manager\"]}}]"}}, {"model": "admin.logentry", "pk": 329, "fields": {"action_time": "2021-06-07T13:04:38.134Z", "user": 1, "content_type": 9, "object_id": "36", "object_repr": "Kinpur retinol", "action_flag": 2, "change_message": "[{\"changed\": {\"fields\": [\"Manager\"]}}]"}}, {"model": "admin.logentry", "pk": 330, "fields": {"action_time": "2021-06-07T13:04:40.173Z", "user": 1, "content_type": 10, "object_id": "5", "object_repr": "Kinpur retinol", "action_flag": 2, "change_message": "[{\"changed\": {\"fields\": [\"Manager\"]}}]"}}, {"model": "admin.logentry", "pk": 331, "fields": {"action_time": "2021-06-07T13:05:14.225Z", "user": 1, "content_type": 9, "object_id": "37", "object_repr": "Kinpur Retinol Gold", "action_flag": 2, "change_message": "[{\"changed\": {\"fields\": [\"Manager\"]}}]"}}, {"model": "admin.logentry", "pk": 332, "fields": {"action_time": "2021-06-07T13:05:18.868Z", "user": 1, "content_type": 9, "object_id": "37", "object_repr": "Kinpur Retinol Gold", "action_flag": 2, "change_message": "[{\"changed\": {\"fields\": [\"Manager\"]}}]"}}, {"model": "admin.logentry", "pk": 333, "fields": {"action_time": "2021-06-07T13:05:35.697Z", "user": 1, "content_type": 9, "object_id": "37", "object_repr": "Kinpur Retinol Gold", "action_flag": 2, "change_message": "[{\"changed\": {\"fields\": [\"Manager\"]}}]"}}, {"model": "admin.logentry", "pk": 334, "fields": {"action_time": "2021-06-07T13:05:40.473Z", "user": 1, "content_type": 9, "object_id": "37", "object_repr": "Kinpur Retinol Gold", "action_flag": 2, "change_message": "[]"}}, {"model": "admin.logentry", "pk": 335, "fields": {"action_time": "2021-06-07T13:05:50.166Z", "user": 1, "content_type": 10, "object_id": "4", "object_repr": "Kinpur Retinol Gold", "action_flag": 2, "change_message": "[{\"changed\": {\"fields\": [\"Manager\"]}}]"}}, {"model": "admin.logentry", "pk": 336, "fields": {"action_time": "2021-06-07T13:07:04.607Z", "user": 1, "content_type": 9, "object_id": "64", "object_repr": "Foot Pill Mask", "action_flag": 1, "change_message": "[{\"added\": {}}]"}}, {"model": "admin.logentry", "pk": 337, "fields": {"action_time": "2021-06-07T13:07:51.895Z", "user": 1, "content_type": 9, "object_id": "25", "object_repr": "Melatonin Gummies", "action_flag": 2, "change_message": "[{\"changed\": {\"fields\": [\"Manager\"]}}]"}}, {"model": "admin.logentry", "pk": 338, "fields": {"action_time": "2021-06-07T13:08:02.348Z", "user": 1, "content_type": 10, "object_id": "53", "object_repr": "Melatonin Gummies", "action_flag": 2, "change_message": "[]"}}, {"model": "admin.logentry", "pk": 339, "fields": {"action_time": "2021-06-07T13:09:16.905Z", "user": 1, "content_type": 9, "object_id": "4", "object_repr": "Helopssa Chews", "action_flag": 2, "change_message": "[{\"changed\": {\"fields\": [\"Manager\"]}}]"}}, {"model": "admin.logentry", "pk": 340, "fields": {"action_time": "2021-06-07T13:09:20.275Z", "user": 1, "content_type": 10, "object_id": "30", "object_repr": "Helopssa Chews", "action_flag": 2, "change_message": "[{\"changed\": {\"fields\": [\"Manager\"]}}]"}}, {"model": "admin.logentry", "pk": 341, "fields": {"action_time": "2021-06-07T13:09:33.364Z", "user": 1, "content_type": 9, "object_id": "5", "object_repr": "Kinpur calming treats", "action_flag": 2, "change_message": "[{\"changed\": {\"fields\": [\"Manager\"]}}]"}}, {"model": "admin.logentry", "pk": 342, "fields": {"action_time": "2021-06-07T13:09:35.181Z", "user": 1, "content_type": 10, "object_id": "9", "object_repr": "Kinpur calming treats", "action_flag": 2, "change_message": "[{\"changed\": {\"fields\": [\"Manager\"]}}]"}}, {"model": "admin.logentry", "pk": 343, "fields": {"action_time": "2021-06-07T13:09:47.229Z", "user": 1, "content_type": 9, "object_id": "8", "object_repr": "Kinpur Hip&Joint Chews", "action_flag": 2, "change_message": "[{\"changed\": {\"fields\": [\"Manager\"]}}]"}}, {"model": "admin.logentry", "pk": 344, "fields": {"action_time": "2021-06-07T13:09:49.027Z", "user": 1, "content_type": 10, "object_id": "10", "object_repr": "Kinpur Hip&Joint Chews", "action_flag": 2, "change_message": "[{\"changed\": {\"fields\": [\"Manager\"]}}]"}}, {"model": "admin.logentry", "pk": 345, "fields": {"action_time": "2021-06-07T13:10:00.427Z", "user": 1, "content_type": 9, "object_id": "6", "object_repr": "Kinpur Allergy Chews", "action_flag": 2, "change_message": "[{\"changed\": {\"fields\": [\"Manager\"]}}]"}}, {"model": "admin.logentry", "pk": 346, "fields": {"action_time": "2021-06-07T13:10:01.528Z", "user": 1, "content_type": 10, "object_id": "11", "object_repr": "Kinpur Allergy Chews", "action_flag": 2, "change_message": "[{\"changed\": {\"fields\": [\"Manager\"]}}]"}}, {"model": "admin.logentry", "pk": 347, "fields": {"action_time": "2021-06-07T13:10:12.498Z", "user": 1, "content_type": 9, "object_id": "7", "object_repr": "Kinpur Omega Chews", "action_flag": 2, "change_message": "[{\"changed\": {\"fields\": [\"Manager\"]}}]"}}, {"model": "admin.logentry", "pk": 348, "fields": {"action_time": "2021-06-07T13:10:13.869Z", "user": 1, "content_type": 10, "object_id": "12", "object_repr": "Kinpur Omega Chews", "action_flag": 2, "change_message": "[{\"changed\": {\"fields\": [\"Manager\"]}}]"}}, {"model": "admin.logentry", "pk": 349, "fields": {"action_time": "2021-06-07T13:10:26.310Z", "user": 1, "content_type": 9, "object_id": "9", "object_repr": "Kinpur Probiotic chews", "action_flag": 2, "change_message": "[{\"changed\": {\"fields\": [\"Manager\"]}}]"}}, {"model": "admin.logentry", "pk": 350, "fields": {"action_time": "2021-06-07T13:10:27.377Z", "user": 1, "content_type": 10, "object_id": "13", "object_repr": "Kinpur Probiotic chews", "action_flag": 2, "change_message": "[{\"changed\": {\"fields\": [\"Manager\"]}}]"}}, {"model": "admin.logentry", "pk": 351, "fields": {"action_time": "2021-06-07T13:10:40.239Z", "user": 1, "content_type": 9, "object_id": "57", "object_repr": "Kinpur Green Lawn", "action_flag": 2, "change_message": "[{\"changed\": {\"fields\": [\"Manager\"]}}]"}}, {"model": "admin.logentry", "pk": 352, "fields": {"action_time": "2021-06-07T13:10:41.412Z", "user": 1, "content_type": 10, "object_id": "20", "object_repr": "Kinpur Green Lawn", "action_flag": 2, "change_message": "[{\"changed\": {\"fields\": [\"Manager\"]}}]"}}, {"model": "admin.logentry", "pk": 353, "fields": {"action_time": "2021-06-07T13:10:54.005Z", "user": 1, "content_type": 9, "object_id": "3", "object_repr": "Artulano Chews", "action_flag": 2, "change_message": "[{\"changed\": {\"fields\": [\"Manager\"]}}]"}}, {"model": "admin.logentry", "pk": 354, "fields": {"action_time": "2021-06-07T13:10:55.896Z", "user": 1, "content_type": 10, "object_id": "29", "object_repr": "Artulano Chews", "action_flag": 2, "change_message": "[{\"changed\": {\"fields\": [\"Manager\"]}}]"}}, {"model": "admin.logentry", "pk": 355, "fields": {"action_time": "2021-06-07T13:12:42.277Z", "user": 1, "content_type": 9, "object_id": "65", "object_repr": "Artulano Green Lawn", "action_flag": 1, "change_message": "[{\"added\": {}}]"}}, {"model": "admin.logentry", "pk": 356, "fields": {"action_time": "2021-06-07T13:12:45.805Z", "user": 1, "content_type": 10, "object_id": "63", "object_repr": "Artulano Green Lawn", "action_flag": 1, "change_message": "[{\"added\": {}}]"}}, {"model": "admin.logentry", "pk": 357, "fields": {"action_time": "2021-06-07T13:14:09.648Z", "user": 1, "content_type": 9, "object_id": "66", "object_repr": "Artulano Bladder", "action_flag": 1, "change_message": "[{\"added\": {}}]"}}, {"model": "admin.logentry", "pk": 358, "fields": {"action_time": "2021-06-07T13:14:12.668Z", "user": 1, "content_type": 10, "object_id": "64", "object_repr": "Artulano Bladder", "action_flag": 1, "change_message": "[{\"added\": {}}]"}}, {"model": "admin.logentry", "pk": 359, "fields": {"action_time": "2021-06-07T13:15:42.062Z", "user": 1, "content_type": 9, "object_id": "67", "object_repr": "Kinpur Green Lawn", "action_flag": 1, "change_message": "[{\"added\": {}}]"}}, {"model": "admin.logentry", "pk": 360, "fields": {"action_time": "2021-06-07T13:15:45.789Z", "user": 1, "content_type": 10, "object_id": "65", "object_repr": "Kinpur Green Lawn", "action_flag": 1, "change_message": "[{\"added\": {}}]"}}, {"model": "admin.logentry", "pk": 361, "fields": {"action_time": "2021-06-07T13:16:43.461Z", "user": 1, "content_type": 9, "object_id": "68", "object_repr": "Kinpur Bladder", "action_flag": 1, "change_message": "[{\"added\": {}}]"}}, {"model": "admin.logentry", "pk": 362, "fields": {"action_time": "2021-06-07T13:16:45.217Z", "user": 1, "content_type": 10, "object_id": "66", "object_repr": "Kinpur Bladder", "action_flag": 1, "change_message": "[{\"added\": {}}]"}}, {"model": "admin.logentry", "pk": 363, "fields": {"action_time": "2021-06-07T15:23:08.313Z", "user": 1, "content_type": 9, "object_id": "10", "object_repr": "Kinpur black boost", "action_flag": 2, "change_message": "[{\"changed\": {\"fields\": [\"Manager\"]}}]"}}, {"model": "admin.logentry", "pk": 364, "fields": {"action_time": "2021-06-07T15:23:17.175Z", "user": 1, "content_type": 10, "object_id": "16", "object_repr": "Kinpur black boost", "action_flag": 2, "change_message": "[{\"changed\": {\"fields\": [\"Manager\"]}}]"}}, {"model": "admin.logentry", "pk": 365, "fields": {"action_time": "2021-06-07T15:23:25.794Z", "user": 1, "content_type": 9, "object_id": "11", "object_repr": "Kinpur white boost", "action_flag": 2, "change_message": "[{\"changed\": {\"fields\": [\"Manager\"]}}]"}}, {"model": "admin.logentry", "pk": 366, "fields": {"action_time": "2021-06-07T15:23:33.445Z", "user": 1, "content_type": 10, "object_id": "17", "object_repr": "Kinpur white boost", "action_flag": 2, "change_message": "[{\"changed\": {\"fields\": [\"Manager\"]}}]"}}, {"model": "admin.logentry", "pk": 367, "fields": {"action_time": "2021-06-07T15:23:40.087Z", "user": 1, "content_type": 9, "object_id": "12", "object_repr": "Kinpur white xp", "action_flag": 2, "change_message": "[{\"changed\": {\"fields\": [\"Manager\"]}}]"}}, {"model": "admin.logentry", "pk": 368, "fields": {"action_time": "2021-06-07T15:23:49.090Z", "user": 1, "content_type": 10, "object_id": "18", "object_repr": "Kinpur white xp", "action_flag": 2, "change_message": "[{\"changed\": {\"fields\": [\"Manager\"]}}]"}}, {"model": "admin.logentry", "pk": 369, "fields": {"action_time": "2021-06-07T15:23:55.296Z", "user": 1, "content_type": 9, "object_id": "13", "object_repr": "Kinpur black xp", "action_flag": 2, "change_message": "[{\"changed\": {\"fields\": [\"Manager\"]}}]"}}, {"model": "admin.logentry", "pk": 370, "fields": {"action_time": "2021-06-07T15:24:01.531Z", "user": 1, "content_type": 10, "object_id": "19", "object_repr": "Kinpur black xp", "action_flag": 2, "change_message": "[{\"changed\": {\"fields\": [\"Manager\"]}}]"}}, {"model": "admin.logentry", "pk": 371, "fields": {"action_time": "2021-06-07T15:24:08.630Z", "user": 1, "content_type": 9, "object_id": "14", "object_repr": "Rastenix burn", "action_flag": 2, "change_message": "[{\"changed\": {\"fields\": [\"Manager\"]}}]"}}, {"model": "admin.logentry", "pk": 372, "fields": {"action_time": "2021-06-07T15:24:18.439Z", "user": 1, "content_type": 10, "object_id": "41", "object_repr": "Alphaworld Lung Cleanse", "action_flag": 2, "change_message": "[{\"changed\": {\"fields\": [\"Manager\"]}}]"}}, {"model": "admin.logentry", "pk": 373, "fields": {"action_time": "2021-06-07T15:24:28.800Z", "user": 1, "content_type": 9, "object_id": "24", "object_repr": "Alphaworld Lung Cleanse", "action_flag": 2, "change_message": "[{\"changed\": {\"fields\": [\"Manager\"]}}]"}}, {"model": "admin.logentry", "pk": 374, "fields": {"action_time": "2021-06-07T15:24:35.367Z", "user": 1, "content_type": 9, "object_id": "15", "object_repr": "Rastenix keto", "action_flag": 2, "change_message": "[{\"changed\": {\"fields\": [\"Manager\"]}}]"}}, {"model": "admin.logentry", "pk": 375, "fields": {"action_time": "2021-06-07T15:24:44.905Z", "user": 1, "content_type": 10, "object_id": "45", "object_repr": "Rastenix Keto", "action_flag": 2, "change_message": "[{\"changed\": {\"fields\": [\"Manager\"]}}]"}}, {"model": "admin.logentry", "pk": 376, "fields": {"action_time": "2021-06-07T15:24:53.779Z", "user": 1, "content_type": 9, "object_id": "17", "object_repr": "NutraFaza Sea Moss", "action_flag": 2, "change_message": "[{\"changed\": {\"fields\": [\"Manager\"]}}]"}}, {"model": "admin.logentry", "pk": 377, "fields": {"action_time": "2021-06-07T15:25:03.673Z", "user": 1, "content_type": 10, "object_id": "59", "object_repr": "Apple Cider Vinegar", "action_flag": 2, "change_message": "[{\"changed\": {\"fields\": [\"Manager\"]}}]"}}, {"model": "admin.logentry", "pk": 378, "fields": {"action_time": "2021-06-07T15:25:10.633Z", "user": 1, "content_type": 10, "object_id": "46", "object_repr": "Rastenix keto white", "action_flag": 2, "change_message": "[{\"changed\": {\"fields\": [\"Manager\"]}}]"}}, {"model": "admin.logentry", "pk": 379, "fields": {"action_time": "2021-06-07T15:25:19.400Z", "user": 1, "content_type": 10, "object_id": "49", "object_repr": "NutraFaza Sea Moss", "action_flag": 2, "change_message": "[{\"changed\": {\"fields\": [\"Manager\"]}}]"}}, {"model": "admin.logentry", "pk": 380, "fields": {"action_time": "2021-06-07T15:25:26.812Z", "user": 1, "content_type": 9, "object_id": "30", "object_repr": "Apple Cider Vinegar", "action_flag": 2, "change_message": "[{\"changed\": {\"fields\": [\"Manager\"]}}]"}}, {"model": "admin.logentry", "pk": 381, "fields": {"action_time": "2021-06-07T15:25:33.180Z", "user": 1, "content_type": 9, "object_id": "61", "object_repr": "Rastenix Keto white", "action_flag": 2, "change_message": "[{\"changed\": {\"fields\": [\"Manager\"]}}]"}}, {"model": "admin.logentry", "pk": 382, "fields": {"action_time": "2021-06-07T15:26:04.753Z", "user": 1, "content_type": 9, "object_id": "16", "object_repr": "Artulano Keto", "action_flag": 2, "change_message": "[{\"changed\": {\"fields\": [\"Manager\"]}}]"}}, {"model": "admin.logentry", "pk": 383, "fields": {"action_time": "2021-06-07T15:26:41.965Z", "user": 1, "content_type": 10, "object_id": "44", "object_repr": "Artulano Keto", "action_flag": 2, "change_message": "[{\"changed\": {\"fields\": [\"Manager\"]}}]"}}, {"model": "admin.logentry", "pk": 384, "fields": {"action_time": "2021-06-07T16:07:39.899Z", "user": 1, "content_type": 9, "object_id": "34", "object_repr": "Green Tea Matcha", "action_flag": 2, "change_message": "[{\"changed\": {\"fields\": [\"Type\"]}}]"}}, {"model": "auth.permission", "pk": 1, "fields": {"name": "Can add log entry", "content_type": 1, "codename": "add_logentry"}}, {"model": "auth.permission", "pk": 2, "fields": {"name": "Can change log entry", "content_type": 1, "codename": "change_logentry"}}, {"model": "auth.permission", "pk": 3, "fields": {"name": "Can delete log entry", "content_type": 1, "codename": "delete_logentry"}}, {"model": "auth.permission", "pk": 4, "fields": {"name": "Can view log entry", "content_type": 1, "codename": "view_logentry"}}, {"model": "auth.permission", "pk": 5, "fields": {"name": "Can add permission", "content_type": 2, "codename": "add_permission"}}, {"model": "auth.permission", "pk": 6, "fields": {"name": "Can change permission", "content_type": 2, "codename": "change_permission"}}, {"model": "auth.permission", "pk": 7, "fields": {"name": "Can delete permission", "content_type": 2, "codename": "delete_permission"}}, {"model": "auth.permission", "pk": 8, "fields": {"name": "Can view permission", "content_type": 2, "codename": "view_permission"}}, {"model": "auth.permission", "pk": 9, "fields": {"name": "Can add group", "content_type": 3, "codename": "add_group"}}, {"model": "auth.permission", "pk": 10, "fields": {"name": "Can change group", "content_type": 3, "codename": "change_group"}}, {"model": "auth.permission", "pk": 11, "fields": {"name": "Can delete group", "content_type": 3, "codename": "delete_group"}}, {"model": "auth.permission", "pk": 12, "fields": {"name": "Can view group", "content_type": 3, "codename": "view_group"}}, {"model": "auth.permission", "pk": 13, "fields": {"name": "Can add user", "content_type": 4, "codename": "add_user"}}, {"model": "auth.permission", "pk": 14, "fields": {"name": "Can change user", "content_type": 4, "codename": "change_user"}}, {"model": "auth.permission", "pk": 15, "fields": {"name": "Can delete user", "content_type": 4, "codename": "delete_user"}}, {"model": "auth.permission", "pk": 16, "fields": {"name": "Can view user", "content_type": 4, "codename": "view_user"}}, {"model": "auth.permission", "pk": 17, "fields": {"name": "Can add content type", "content_type": 5, "codename": "add_contenttype"}}, {"model": "auth.permission", "pk": 18, "fields": {"name": "Can change content type", "content_type": 5, "codename": "change_contenttype"}}, {"model": "auth.permission", "pk": 19, "fields": {"name": "Can delete content type", "content_type": 5, "codename": "delete_contenttype"}}, {"model": "auth.permission", "pk": 20, "fields": {"name": "Can view content type", "content_type": 5, "codename": "view_contenttype"}}, {"model": "auth.permission", "pk": 21, "fields": {"name": "Can add session", "content_type": 6, "codename": "add_session"}}, {"model": "auth.permission", "pk": 22, "fields": {"name": "Can change session", "content_type": 6, "codename": "change_session"}}, {"model": "auth.permission", "pk": 23, "fields": {"name": "Can delete session", "content_type": 6, "codename": "delete_session"}}, {"model": "auth.permission", "pk": 24, "fields": {"name": "Can view session", "content_type": 6, "codename": "view_session"}}, {"model": "auth.permission", "pk": 25, "fields": {"name": "Can add brand", "content_type": 7, "codename": "add_brand"}}, {"model": "auth.permission", "pk": 26, "fields": {"name": "Can change brand", "content_type": 7, "codename": "change_brand"}}, {"model": "auth.permission", "pk": 27, "fields": {"name": "Can delete brand", "content_type": 7, "codename": "delete_brand"}}, {"model": "auth.permission", "pk": 28, "fields": {"name": "Can view brand", "content_type": 7, "codename": "view_brand"}}, {"model": "auth.permission", "pk": 29, "fields": {"name": "Can add manager", "content_type": 8, "codename": "add_manager"}}, {"model": "auth.permission", "pk": 30, "fields": {"name": "Can change manager", "content_type": 8, "codename": "change_manager"}}, {"model": "auth.permission", "pk": 31, "fields": {"name": "Can delete manager", "content_type": 8, "codename": "delete_manager"}}, {"model": "auth.permission", "pk": 32, "fields": {"name": "Can view manager", "content_type": 8, "codename": "view_manager"}}, {"model": "auth.permission", "pk": 33, "fields": {"name": "Can add type of product", "content_type": 9, "codename": "add_typeofproduct"}}, {"model": "auth.permission", "pk": 34, "fields": {"name": "Can change type of product", "content_type": 9, "codename": "change_typeofproduct"}}, {"model": "auth.permission", "pk": 35, "fields": {"name": "Can delete type of product", "content_type": 9, "codename": "delete_typeofproduct"}}, {"model": "auth.permission", "pk": 36, "fields": {"name": "Can view type of product", "content_type": 9, "codename": "view_typeofproduct"}}, {"model": "auth.permission", "pk": 37, "fields": {"name": "Can add product", "content_type": 10, "codename": "add_product"}}, {"model": "auth.permission", "pk": 38, "fields": {"name": "Can change product", "content_type": 10, "codename": "change_product"}}, {"model": "auth.permission", "pk": 39, "fields": {"name": "Can delete product", "content_type": 10, "codename": "delete_product"}}, {"model": "auth.permission", "pk": 40, "fields": {"name": "Can view product", "content_type": 10, "codename": "view_product"}}, {"model": "auth.user", "pk": 1, "fields": {"password": "pbkdf2_sha256$216000$lIoUIsj58wur$kKQ0Zp1L47fFvmANYDURUF30Za8X1tkKrmFlb+ZVDQ8=", "last_login": "2021-06-07T15:21:57.564Z", "is_superuser": true, "username": "Sergik", "first_name": "", "last_name": "", "email": "", "is_staff": true, "is_active": true, "date_joined": "2021-06-03T12:04:03.203Z", "groups": [], "user_permissions": []}}, {"model": "auth.user", "pk": 2, "fields": {"password": "pbkdf2_sha256$216000$q2PV4PswVbiW$w7VU1Zzu+uZcfSo/AutH523+IxrNzsqunyuDET+hCbg=", "last_login": "2021-06-04T12:40:25.234Z", "is_superuser": false, "username": "MiMurka", "first_name": "", "last_name": "", "email": "", "is_staff": false, "is_active": true, "date_joined": "2021-06-03T12:05:24.543Z", "groups": [], "user_permissions": []}}, {"model": "auth.user", "pk": 3, "fields": {"password": "pbkdf2_sha256$216000$fNgESj3a74W8$s5ZRYZYXIlFvQQ59gwEePwxJrhzEIT6oO+yJCl/rUiI=", "last_login": "2021-06-04T11:48:35.877Z", "is_superuser": false, "username": "silvermoon", "first_name": "", "last_name": "", "email": "", "is_staff": false, "is_active": true, "date_joined": "2021-06-03T12:05:57.951Z", "groups": [], "user_permissions": []}}, {"model": "auth.user", "pk": 4, "fields": {"password": "pbkdf2_sha256$216000$z5usbk5CTUvr$Y/fHWcRt0DnEPSN/5NzXesIYnf6M14auEpyCzJGEsgg=", "last_login": "2021-06-03T14:32:50.952Z", "is_superuser": false, "username": "nadeika_p", "first_name": "", "last_name": "", "email": "", "is_staff": false, "is_active": true, "date_joined": "2021-06-03T12:06:15.161Z", "groups": [], "user_permissions": []}}, {"model": "auth.user", "pk": 5, "fields": {"password": "pbkdf2_sha256$216000$es1OQdWRcRzI$nHdx5GCs/ZcKsEVt4v/g1vbg26oR/X+/Js10FBa6sdA=", "last_login": null, "is_superuser": false, "username": "YanaArvach", "first_name": "", "last_name": "", "email": "", "is_staff": false, "is_active": true, "date_joined": "2021-06-03T12:06:54Z", "groups": [], "user_permissions": []}}, {"model": "auth.user", "pk": 6, "fields": {"password": "pbkdf2_sha256$216000$n3eOWAjYioBT$vVkHIktsVQqkD0Kc1lBUyM7D++I3e/068eG+pMrpR8A=", "last_login": null, "is_superuser": false, "username": "Veronika", "first_name": "", "last_name": "", "email": "", "is_staff": false, "is_active": true, "date_joined": "2021-06-03T12:07:26.317Z", "groups": [], "user_permissions": []}}, {"model": "auth.user", "pk": 7, "fields": {"password": "pbkdf2_sha256$216000$XBRAQ48PKVi0$k3aRbBLCLDvVzxaA6noppDeWmBzIud7T3f1ypNhAQ2k=", "last_login": null, "is_superuser": false, "username": "nochnik", "first_name": "", "last_name": "", "email": "", "is_staff": false, "is_active": true, "date_joined": "2021-06-03T12:08:35.288Z", "groups": [], "user_permissions": []}}, {"model": "auth.user", "pk": 8, "fields": {"password": "pbkdf2_sha256$216000$4z8fVsCgtmKL$QgrWj7Rc0inf9ggFt7tcV8XJZQ2E2x3JGE8QKWP4rHQ=", "last_login": null, "is_superuser": false, "username": "Sasha", "first_name": "", "last_name": "", "email": "", "is_staff": false, "is_active": true, "date_joined": "2021-06-04T09:35:44.828Z", "groups": [], "user_permissions": []}}, {"model": "auth.user", "pk": 9, "fields": {"password": "pbkdf2_sha256$216000$IGbneeeDdoRm$PTvOEscfpw7xVpfsEAcpNrqgeq685opx0rUBfGjboxs=", "last_login": "2021-06-04T11:47:08.354Z", "is_superuser": false, "username": "Zenya", "first_name": "", "last_name": "", "email": "", "is_staff": false, "is_active": true, "date_joined": "2021-06-04T09:50:11.120Z", "groups": [], "user_permissions": []}}, {"model": "auth.user", "pk": 10, "fields": {"password": "pbkdf2_sha256$216000$WRp5ymsOj8yg$BsXHjol5TkZLbBcPWXbzbxI1B6qJxEh0GDPxOhDQSZ4=", "last_login": null, "is_superuser": false, "username": "Промежуточный", "first_name": "", "last_name": "", "email": "", "is_staff": false, "is_active": true, "date_joined": "2021-06-07T12:19:04.333Z", "groups": [], "user_permissions": []}}, {"model": "contenttypes.contenttype", "pk": 1, "fields": {"app_label": "admin", "model": "logentry"}}, {"model": "contenttypes.contenttype", "pk": 2, "fields": {"app_label": "auth", "model": "permission"}}, {"model": "contenttypes.contenttype", "pk": 3, "fields": {"app_label": "auth", "model": "group"}}, {"model": "contenttypes.contenttype", "pk": 4, "fields": {"app_label": "auth", "model": "user"}}, {"model": "contenttypes.contenttype", "pk": 5, "fields": {"app_label": "contenttypes", "model": "contenttype"}}, {"model": "contenttypes.contenttype", "pk": 6, "fields": {"app_label": "sessions", "model": "session"}}, {"model": "contenttypes.contenttype", "pk": 7, "fields": {"app_label": "analiz", "model": "brand"}}, {"model": "contenttypes.contenttype", "pk": 8, "fields": {"app_label": "analiz", "model": "manager"}}, {"model": "contenttypes.contenttype", "pk": 9, "fields": {"app_label": "analiz", "model": "typeofproduct"}}, {"model": "contenttypes.contenttype", "pk": 10, "fields": {"app_label": "analiz", "model": "product"}}, {"model": "sessions.session", "pk": "g70qiox9lhbtecu4j4d5oe12ew4udzqt", "fields": {"session_data": ".eJxVjMsOwiAUBf-FtSFA6RVcuu83EO6jUjU0Ke3K-O_apAvdnpk5L5Xytpa0NVnSxOqirDr9bpjpIXUHfM_1Nmua67pMqHdFH7TpYWZ5Xg_376DkVr41WC9oDBnx0FlgcRBBenASEOJZ2MQABN4RM6H3Y-8MukB2ROqiCer9AdI0N6U:1lp9Be:2h27vN3IKefURxWwMbEzgtEDIIUdqM5uE9V2Uu0P6Uc", "expire_date": "2021-06-18T12:44:30.317Z"}}, {"model": "sessions.session", "pk": "wjy8m2rr13b9p05866er9rfadx4tq2y2", "fields": {"session_data": ".eJxVjMsOwiAUBf-FtSFA6RVcuu83EO6jUjU0Ke3K-O_apAvdnpk5L5Xytpa0NVnSxOqirDr9bpjpIXUHfM_1Nmua67pMqHdFH7TpYWZ5Xg_376DkVr41WC9oDBnx0FlgcRBBenASEOJZ2MQABN4RM6H3Y-8MukB2ROqiCer9AdI0N6U:1lqH4f:RYFPTyhTTbDAeEVRPiTzbbK2EtqpKcjM3jbFoC3KszE", "expire_date": "2021-06-21T15:21:57.570Z"}}, {"model": "analiz.product", "pk": 1, "fields": {"product_name": "Kinpur hemp cream", "asin": "B07RX9TF8V", "link": "https://www.amazon.com/dp/B07RX9TF8V", "changes": null, "positions_by_keys": null, "price": "0.00", "bsr": 0, "sales": 0, "conversion_rate": null, "rating": "4.4", "offers": "", "date": "2021-01-01", "event": "", "brand": 1, "manager": 5, "type": 43}}, {"model": "analiz.product", "pk": 2, "fields": {"product_name": "Swizon Pink", "asin": "B081ZL7VWP", "link": "https://www.amazon.com/dp/B081ZL7VWP", "changes": null, "positions_by_keys": null, "price": "16.98", "bsr": 14149, "sales": 72, "conversion_rate": "76.60", "rating": "4.4", "offers": "", "date": "2021-01-01", "event": "", "brand": 3, "manager": 5, "type": 44}}, {"model": "analiz.product", "pk": 3, "fields": {"product_name": "Swizon Black", "asin": "B081ZM1XY5", "link": "https://www.amazon.com/dp/B081ZM1XY5", "changes": null, "positions_by_keys": null, "price": "0.00", "bsr": 139133, "sales": 0, "conversion_rate": null, "rating": "4.4", "offers": "", "date": "2021-01-01", "event": "", "brand": 3, "manager": 5, "type": 1}}, {"model": "analiz.product", "pk": 4, "fields": {"product_name": "Kinpur Retinol Gold", "asin": "B08RDZ3TPM", "link": "https://www.amazon.com/dp/B08RDZ3TPM?psc=1", "changes": null, "positions_by_keys": null, "price": "14.99", "bsr": null, "sales": 0, "conversion_rate": null, "rating": "4.6", "offers": "", "date": "2021-02-02", "event": "склейка", "brand": 1, "manager": 8, "type": 37}}, {"model": "analiz.product", "pk": 5, "fields": {"product_name": "Kinpur retinol", "asin": "B083JVWFXV", "link": "https://www.amazon.com/dp/B083JVWFXV", "changes": null, "positions_by_keys": null, "price": "17.00", "bsr": 7063, "sales": 61, "conversion_rate": "67.03", "rating": "4.6", "offers": "", "date": "2021-01-01", "event": "", "brand": 1, "manager": 8, "type": 36}}, {"model": "analiz.product", "pk": 6, "fields": {"product_name": "Kinpur Eye Cream", "asin": "B08SH91RP5", "link": "https://www.amazon.com/dp/B08SH91RP5", "changes": null, "positions_by_keys": null, "price": "11.99", "bsr": 146393, "sales": 2, "conversion_rate": "66.67", "rating": "4.2", "offers": "", "date": "2021-01-01", "event": "", "brand": 1, "manager": 8, "type": 40}}, {"model": "analiz.product", "pk": 7, "fields": {"product_name": "Swizon Eye Cream", "asin": "B08L833BHT", "link": "https://www.amazon.com/dp/B08L833BHT", "changes": null, "positions_by_keys": null, "price": "11.99", "bsr": 26999, "sales": 12, "conversion_rate": "35.29", "rating": "4.2", "offers": "", "date": "2021-01-01", "event": "", "brand": 3, "manager": 8, "type": 41}}, {"model": "analiz.product", "pk": 8, "fields": {"product_name": "Swizon Retinol", "asin": "B08KRSLSZB", "link": "https://www.amazon.com/dp/B08KRSLSZB", "changes": null, "positions_by_keys": null, "price": "17.00", "bsr": 10047, "sales": 39, "conversion_rate": "48.75", "rating": "4.9", "offers": "", "date": "2021-01-01", "event": "", "brand": 3, "manager": 8, "type": 38}}, {"model": "analiz.product", "pk": 9, "fields": {"product_name": "Kinpur calming treats", "asin": "B07VVMBPJX", "link": "https://www.amazon.com/dp/B07VVMBPJX", "changes": null, "positions_by_keys": null, "price": "33.95", "bsr": 3046, "sales": 95, "conversion_rate": "78.51", "rating": "4.4", "offers": "", "date": "2021-01-01", "event": "", "brand": 1, "manager": 6, "type": 5}}, {"model": "analiz.product", "pk": 10, "fields": {"product_name": "Kinpur Hip&Joint Chews", "asin": "B08CF1CZW6", "link": "https://www.amazon.com/dp/B08CF1CZW6", "changes": null, "positions_by_keys": null, "price": "20.85", "bsr": 10213, "sales": 22, "conversion_rate": "62.86", "rating": "4.8", "offers": "", "date": "2021-01-01", "event": "", "brand": 1, "manager": 6, "type": 8}}, {"model": "analiz.product", "pk": 11, "fields": {"product_name": "Kinpur Allergy Chews", "asin": "B08CF1LPH8", "link": "https://www.amazon.com/dp/B08CF1LPH8", "changes": null, "positions_by_keys": null, "price": "0.00", "bsr": 11938, "sales": 0, "conversion_rate": null, "rating": "4.6", "offers": "", "date": "2021-01-01", "event": "", "brand": 1, "manager": 6, "type": 6}}, {"model": "analiz.product", "pk": 12, "fields": {"product_name": "Kinpur Omega Chews", "asin": "B08CVGZG34", "link": "https://www.amazon.com/dp/B08CVGZG34", "changes": null, "positions_by_keys": null, "price": "16.99", "bsr": 5089, "sales": 43, "conversion_rate": "48.31", "rating": "4.6", "offers": "", "date": "2021-01-01", "event": "", "brand": 1, "manager": 6, "type": 7}}, {"model": "analiz.product", "pk": 13, "fields": {"product_name": "Kinpur Probiotic chews", "asin": "B08LVMYVRL", "link": "https://www.amazon.com/dp/B08LVMYVRL", "changes": null, "positions_by_keys": null, "price": "17.95", "bsr": 7391, "sales": 24, "conversion_rate": "58.54", "rating": "4.6", "offers": "", "date": "2021-01-01", "event": "", "brand": 1, "manager": 6, "type": 9}}, {"model": "analiz.product", "pk": 14, "fields": {"product_name": "Kinpur Hemp Oil 550k", "asin": "B088MG7W2N", "link": "https://www.amazon.com/dp/B088MG7W2N", "changes": null, "positions_by_keys": null, "price": "14.99", "bsr": 5057, "sales": 53, "conversion_rate": "106", "rating": "4.4", "offers": "", "date": "2021-01-01", "event": "", "brand": 1, "manager": 4, "type": 50}}, {"model": "analiz.product", "pk": 15, "fields": {"product_name": "hemp extract 60 capsules", "asin": "B07XBP3W9C", "link": "https://www.amazon.com/dp/B07XBP3W9C", "changes": null, "positions_by_keys": null, "price": "18.95", "bsr": 15013, "sales": 42, "conversion_rate": "85.71", "rating": "4.4", "offers": "", "date": "2021-01-01", "event": "", "brand": 1, "manager": 5, "type": 47}}, {"model": "analiz.product", "pk": 16, "fields": {"product_name": "Kinpur black boost", "asin": "B08VF32ZM4", "link": "https://www.amazon.com/dp/B08VF32ZM4", "changes": null, "positions_by_keys": null, "price": "0.00", "bsr": null, "sales": 0, "conversion_rate": null, "rating": "4.2", "offers": "", "date": "2021-01-01", "event": "", "brand": 1, "manager": 5, "type": 10}}, {"model": "analiz.product", "pk": 17, "fields": {"product_name": "Kinpur white boost", "asin": "B089NYH6HT", "link": "https://www.amazon.com/dp/B089NYH6HT", "changes": null, "positions_by_keys": null, "price": "26.99", "bsr": 9913, "sales": 77, "conversion_rate": null, "rating": "4.2", "offers": "", "date": "2021-01-01", "event": "", "brand": 1, "manager": 5, "type": 11}}, {"model": "analiz.product", "pk": 18, "fields": {"product_name": "Kinpur white xp", "asin": "B08NX2GH1S", "link": "https://www.amazon.com/dp/B08NX2GH1S", "changes": null, "positions_by_keys": null, "price": "20.00", "bsr": null, "sales": 0, "conversion_rate": null, "rating": "0.0", "offers": "", "date": "2021-01-05", "event": "", "brand": 1, "manager": 5, "type": 12}}, {"model": "analiz.product", "pk": 19, "fields": {"product_name": "Kinpur black xp", "asin": "B08NX3JNJR", "link": "https://www.amazon.com/dp/B08NX3JNJR", "changes": null, "positions_by_keys": null, "price": "16.95", "bsr": null, "sales": 1, "conversion_rate": "33.33", "rating": "4.8", "offers": "", "date": "2021-03-02", "event": "", "brand": 1, "manager": 5, "type": 13}}, {"model": "analiz.product", "pk": 20, "fields": {"product_name": "Kinpur Green Lawn", "asin": "B08QYJGTJ8", "link": "https://www.amazon.com/dp/B08QYJGTJ8", "changes": null, "positions_by_keys": null, "price": "18.85", "bsr": null, "sales": 0, "conversion_rate": "0", "rating": "4.6", "offers": "", "date": "2021-05-14", "event": "", "brand": 1, "manager": 6, "type": 57}}, {"model": "analiz.product", "pk": 21, "fields": {"product_name": "keentox US", "asin": "B07TRHHPP3", "link": "https://www.amazon.com/dp/B07TRHHPP3", "changes": null, "positions_by_keys": null, "price": "19.95", "bsr": null, "sales": 64, "conversion_rate": "86.49", "rating": "4.3", "offers": "28", "date": "2021-01-06", "event": "", "brand": 1, "manager": 5, "type": 45}}, {"model": "analiz.product", "pk": 22, "fields": {"product_name": "Keentox UK", "asin": "B07XWQ9ZLJ", "link": "https://www.amazon.co.uk/dp/B07XWQ9ZLJ", "changes": null, "positions_by_keys": null, "price": "16.95", "bsr": 3865, "sales": 14, "conversion_rate": "27.45", "rating": "4.4", "offers": "", "date": "2021-06-04", "event": "", "brand": 1, "manager": 5, "type": 58}}, {"model": "analiz.product", "pk": 23, "fields": {"product_name": "Hemp Nature", "asin": "B07SZZNLYW", "link": "https://www.amazon.com/dp/B07SZZNLYW", "changes": null, "positions_by_keys": null, "price": "19.95", "bsr": 16726, "sales": 53, "conversion_rate": "21.90", "rating": "4.3", "offers": "", "date": "2021-01-01", "event": "", "brand": 4, "manager": 5, "type": 49}}, {"model": "analiz.product", "pk": 24, "fields": {"product_name": "Arvesa Relief", "asin": "B07SW9CYD1", "link": "https://www.amazon.com/dp/B07SW9CYD1", "changes": "Поднятие цены на 1$", "positions_by_keys": null, "price": "27.95", "bsr": 8082, "sales": 108, "conversion_rate": "69.23", "rating": "4.4", "offers": "", "date": "2021-01-01", "event": "", "brand": 4, "manager": 5, "type": 2}}, {"model": "analiz.product", "pk": 25, "fields": {"product_name": "Artulano Retinol", "asin": "B084X4XDHR", "link": "https://www.amazon.com/dp/B084X4XDHR", "changes": null, "positions_by_keys": null, "price": "12.99", "bsr": 11348, "sales": 44, "conversion_rate": "77.19", "rating": "4.6", "offers": "", "date": "2021-01-01", "event": "", "brand": 2, "manager": 8, "type": 39}}, {"model": "analiz.product", "pk": 26, "fields": {"product_name": "Hemp Guard US", "asin": "B07T6XR9GS", "link": "https://www.amazon.com/dp/B07T6XR9GS", "changes": null, "positions_by_keys": null, "price": "18.95", "bsr": 11205, "sales": 133, "conversion_rate": "54.98", "rating": "4.3", "offers": "", "date": "2021-01-01", "event": "", "brand": 4, "manager": 5, "type": 48}}, {"model": "analiz.product", "pk": 27, "fields": {"product_name": "Hemp Guard UK", "asin": "B07XWQC8PN", "link": "https://www.amazon.co.uk/dp/B07XWQC8PN", "changes": null, "positions_by_keys": null, "price": "16.95", "bsr": 4213, "sales": 22, "conversion_rate": "75.86", "rating": "4.5", "offers": "", "date": "2021-01-01", "event": "", "brand": 4, "manager": 5, "type": 48}}, {"model": "analiz.product", "pk": 28, "fields": {"product_name": "Odeseana", "asin": "B08C2GH48Y", "link": "https://www.amazon.com/dp/B08C2GH48Y", "changes": "разбанили загрузка листинга, бэка", "positions_by_keys": null, "price": "19.99", "bsr": null, "sales": 52, "conversion_rate": "41.94", "rating": "4.4", "offers": "", "date": "2021-01-07", "event": "", "brand": 10, "manager": 5, "type": 46}}, {"model": "analiz.product", "pk": 29, "fields": {"product_name": "Artulano Chews", "asin": "B07W3S3V56", "link": "https://www.amazon.com/dp/B07W3S3V56", "changes": null, "positions_by_keys": null, "price": "33.95", "bsr": 2260, "sales": 100, "conversion_rate": "108.70", "rating": "4.4", "offers": "", "date": "2021-01-01", "event": "", "brand": 2, "manager": 6, "type": 3}}, {"model": "analiz.product", "pk": 30, "fields": {"product_name": "Helopssa Chews", "asin": "B07W8LYX4S", "link": "https://www.amazon.com/dp/B07W8LYX4S", "changes": null, "positions_by_keys": null, "price": "36.95", "bsr": 2415, "sales": 88, "conversion_rate": "120.55", "rating": "4.4", "offers": "", "date": "2021-01-01", "event": "", "brand": 5, "manager": 6, "type": 4}}, {"model": "analiz.product", "pk": 31, "fields": {"product_name": "Artulano Eye Cream", "asin": "B085ZXXSJB", "link": "https://www.amazon.com/dp/B085ZXXSJB", "changes": null, "positions_by_keys": null, "price": "11.99", "bsr": 47570, "sales": 7, "conversion_rate": "50", "rating": "4.4", "offers": "", "date": "2021-01-01", "event": "", "brand": 2, "manager": 8, "type": 42}}, {"model": "analiz.product", "pk": 32, "fields": {"product_name": "Hemp Cares 1pack", "asin": "B07QJYNQXM", "link": "https://www.amazon.com/dp/B07QJYNQXM", "changes": null, "positions_by_keys": null, "price": "20.96", "bsr": 3605, "sales": 70, "conversion_rate": "78.65", "rating": "4.4", "offers": "", "date": "2021-01-01", "event": "", "brand": 1, "manager": 4, "type": 56}}, {"model": "analiz.product", "pk": 33, "fields": {"product_name": "Hemp Cares 2pack", "asin": "B07M82Y721", "link": "https://www.amazon.com/dp/B07M82Y721", "changes": "Поднятие цены на 1$", "positions_by_keys": null, "price": "26.95", "bsr": 3368, "sales": 61, "conversion_rate": "77.22", "rating": "4.5", "offers": "", "date": "2021-01-01", "event": "", "brand": 1, "manager": 4, "type": 51}}, {"model": "analiz.product", "pk": 34, "fields": {"product_name": "Hemp Love 1pack", "asin": "B07QV3NJYH", "link": "https://www.amazon.com/dp/B07QV3NJYH", "changes": null, "positions_by_keys": null, "price": "15.95", "bsr": 7712, "sales": 26, "conversion_rate": "72.22", "rating": "4.5", "offers": "", "date": "2021-01-01", "event": "", "brand": 1, "manager": 4, "type": 52}}, {"model": "analiz.product", "pk": 35, "fields": {"product_name": "Hemp Love 2pack", "asin": "B07SBX6HL4", "link": "https://www.amazon.com/dp/B07SBX6HL4", "changes": null, "positions_by_keys": null, "price": "19.95", "bsr": 6881, "sales": 44, "conversion_rate": "154.14", "rating": "4.5", "offers": "", "date": "2021-01-01", "event": "", "brand": 1, "manager": 4, "type": 53}}, {"model": "analiz.product", "pk": 36, "fields": {"product_name": "Hemp Joy UK", "asin": "B082WKR4H2", "link": "https://www.amazon.co.uk/dp/B082WKR4H2", "changes": null, "positions_by_keys": null, "price": "13.95", "bsr": 2903, "sales": 12, "conversion_rate": "52.17", "rating": "4.3", "offers": "", "date": "2021-01-01", "event": "", "brand": 1, "manager": 4, "type": 59}}, {"model": "analiz.product", "pk": 37, "fields": {"product_name": "Hemp Joy 1-pack US", "asin": "B07SHVWMCG", "link": "https://www.amazon.com/dp/B07SHVWMCG", "changes": null, "positions_by_keys": null, "price": "17.95", "bsr": 9446, "sales": 27, "conversion_rate": "34.62", "rating": "4.2", "offers": "", "date": "2021-01-01", "event": "", "brand": 1, "manager": 4, "type": 54}}, {"model": "analiz.product", "pk": 38, "fields": {"product_name": "Hemp Nutrition", "asin": "B07SJVH61P", "link": "https://www.amazon.com/dp/B07SJVH61P", "changes": null, "positions_by_keys": null, "price": "22.95", "bsr": 4730, "sales": 38, "conversion_rate": "50.00", "rating": "4.2", "offers": "", "date": "2021-01-01", "event": "", "brand": 1, "manager": 4, "type": 55}}, {"model": "analiz.product", "pk": 39, "fields": {"product_name": "Eluxum Zinc Capsules", "asin": "B089491PJJ", "link": "https://www.amazon.com/dp/B089491PJJ", "changes": null, "positions_by_keys": null, "price": "23.95", "bsr": 9192, "sales": 94, "conversion_rate": "136.23", "rating": "4.8", "offers": "", "date": "2021-01-01", "event": "", "brand": 6, "manager": 8, "type": 60}}, {"model": "analiz.product", "pk": 40, "fields": {"product_name": "Artulano Zinc Capsules", "asin": "B0885V5G4K", "link": "https://www.amazon.com/dp/B0885V5G4K", "changes": null, "positions_by_keys": null, "price": "9.96", "bsr": 39646, "sales": 24, "conversion_rate": "133.33", "rating": "4.8", "offers": "", "date": "2021-01-01", "event": "", "brand": 2, "manager": 8, "type": 22}}, {"model": "analiz.product", "pk": 41, "fields": {"product_name": "Alphaworld Lung Cleanse", "asin": "B086MZWV2C", "link": "https://www.amazon.com/dp/B086MZWV2C", "changes": null, "positions_by_keys": null, "price": "9.95", "bsr": 42759, "sales": 4, "conversion_rate": "19.05", "rating": "4.6", "offers": "", "date": "2021-01-01", "event": "", "brand": 11, "manager": 8, "type": 24}}, {"model": "analiz.product", "pk": 42, "fields": {"product_name": "Rastenix Lung Cleanse", "asin": "B086N1QX62", "link": "https://www.amazon.com/dp/B086N1QX62", "changes": null, "positions_by_keys": null, "price": "12.95", "bsr": 25446, "sales": 25, "conversion_rate": "100", "rating": "4.1", "offers": "", "date": "2021-01-01", "event": "", "brand": 6, "manager": 8, "type": 23}}, {"model": "analiz.product", "pk": 43, "fields": {"product_name": "Alphaworld Vitamin C", "asin": "B089VK778G", "link": "https://www.amazon.com/dp/B089VK778G", "changes": null, "positions_by_keys": null, "price": "16.95", "bsr": 12476, "sales": 51, "conversion_rate": "51", "rating": "4.8", "offers": "", "date": "2021-01-01", "event": "", "brand": 11, "manager": 8, "type": 19}}, {"model": "analiz.product", "pk": 44, "fields": {"product_name": "Artulano Keto", "asin": "B07VDGZY8B", "link": "https://www.amazon.com/dp/B07VDGZY8B", "changes": null, "positions_by_keys": null, "price": "23.95", "bsr": 19512, "sales": 38, "conversion_rate": "55.07", "rating": "3.9", "offers": "", "date": "2021-01-01", "event": "", "brand": 2, "manager": 5, "type": 16}}, {"model": "analiz.product", "pk": 45, "fields": {"product_name": "Rastenix Keto", "asin": "B07VFL49G8", "link": "https://www.amazon.com/dp/B07VFL49G8", "changes": null, "positions_by_keys": null, "price": "22.95", "bsr": 21047, "sales": 44, "conversion_rate": "88", "rating": "4.0", "offers": "", "date": "2021-01-01", "event": "", "brand": 6, "manager": 5, "type": 15}}, {"model": "analiz.product", "pk": 46, "fields": {"product_name": "Rastenix keto white", "asin": "B08F6DNYWV", "link": "https://www.amazon.com/dp/B08F6DNYWV", "changes": null, "positions_by_keys": null, "price": "23.95", "bsr": 7345, "sales": 92, "conversion_rate": "63.64", "rating": "4.1", "offers": "", "date": "2021-01-01", "event": "", "brand": 6, "manager": 5, "type": 61}}, {"model": "analiz.product", "pk": 47, "fields": {"product_name": "Lariolla Aloe Gel", "asin": "B086BT1YM2", "link": "https://www.amazon.com/dp/B086BT1YM2", "changes": null, "positions_by_keys": null, "price": "13.97", "bsr": 205160, "sales": 0, "conversion_rate": null, "rating": "4.6", "offers": "", "date": "2021-01-01", "event": "", "brand": 7, "manager": 8, "type": 20}}, {"model": "analiz.product", "pk": 48, "fields": {"product_name": "Arvesa Aloe Gel", "asin": "B086CBTDGW", "link": "https://www.amazon.com/dp/B086CBTDGW", "changes": null, "positions_by_keys": null, "price": "14.95", "bsr": 121285, "sales": 2, "conversion_rate": "16.67", "rating": "4.5", "offers": "", "date": "2021-01-01", "event": "", "brand": 4, "manager": 8, "type": 21}}, {"model": "analiz.product", "pk": 49, "fields": {"product_name": "NutraFaza Sea Moss", "asin": "B08DRSVVQ5", "link": "https://www.amazon.com/dp/B08DRSVVQ5", "changes": null, "positions_by_keys": null, "price": "18.95", "bsr": null, "sales": 11, "conversion_rate": "91.67", "rating": "4.7", "offers": "", "date": "2021-01-01", "event": "", "brand": 8, "manager": 8, "type": 17}}, {"model": "analiz.product", "pk": 50, "fields": {"product_name": "Sea Moss Green", "asin": "B08CWJNRT2", "link": "https://www.amazon.com/dp/B08CWJNRT2", "changes": null, "positions_by_keys": null, "price": "16.95", "bsr": 45425, "sales": 18, "conversion_rate": "56.25", "rating": "4.7", "offers": "", "date": "2021-01-01", "event": "", "brand": 8, "manager": 8, "type": 18}}, {"model": "analiz.product", "pk": 51, "fields": {"product_name": "Biotin Gummies", "asin": "B08B8Y84KM", "link": "https://www.amazon.com/dp/B08B8Y84KM", "changes": null, "positions_by_keys": null, "price": "21.95", "bsr": 33166, "sales": 23, "conversion_rate": "58.97", "rating": "4.7", "offers": "", "date": "2021-01-01", "event": "", "brand": 8, "manager": 9, "type": 31}}, {"model": "analiz.product", "pk": 52, "fields": {"product_name": "Collagen Gummies", "asin": "B089KQXSZ1", "link": "https://www.amazon.com/dp/B089KQXSZ1", "changes": null, "positions_by_keys": null, "price": "16.87", "bsr": 42932, "sales": 18, "conversion_rate": "60", "rating": "4.7", "offers": "", "date": "2021-01-01", "event": "", "brand": 8, "manager": 9, "type": 32}}, {"model": "analiz.product", "pk": 53, "fields": {"product_name": "Melatonin Gummies", "asin": "B08BRBWLTY", "link": "https://www.amazon.com/dp/B08BRBWLTY", "changes": null, "positions_by_keys": null, "price": "19.95", "bsr": 11168, "sales": 82, "conversion_rate": "103.08", "rating": "4.8", "offers": "", "date": "2021-01-01", "event": "", "brand": 8, "manager": 9, "type": 25}}, {"model": "analiz.product", "pk": 54, "fields": {"product_name": "Vitamin C Gummies", "asin": "B08NCJBKK4", "link": "https://www.amazon.com/dp/B08NCJBKK4", "changes": null, "positions_by_keys": null, "price": "22.95", "bsr": 27877, "sales": 26, "conversion_rate": "51.35", "rating": "4.7", "offers": "", "date": "2021-01-01", "event": "", "brand": 8, "manager": 9, "type": 27}}, {"model": "analiz.product", "pk": 55, "fields": {"product_name": "Hair Vitamin Gummies", "asin": "B08BR9KC23", "link": "https://www.amazon.com/dp/B08BR9KC23", "changes": null, "positions_by_keys": null, "price": "19.95", "bsr": 10597, "sales": 76, "conversion_rate": "56.30", "rating": "4.8", "offers": "", "date": "2021-01-01", "event": "", "brand": 8, "manager": 9, "type": 28}}, {"model": "analiz.product", "pk": 56, "fields": {"product_name": "Elderberry Gummies", "asin": "B08BR8FBZ1", "link": "https://www.amazon.com/dp/B08BR8FBZ1", "changes": null, "positions_by_keys": null, "price": "22.95", "bsr": 22865, "sales": 23, "conversion_rate": "39.29", "rating": "4.7", "offers": "", "date": "2021-01-01", "event": "", "brand": 8, "manager": 9, "type": 29}}, {"model": "analiz.product", "pk": 57, "fields": {"product_name": "Multivitamin Gummies", "asin": "B08ZT1KCL2", "link": "https://www.amazon.com/dp/B08ZT1KCL2", "changes": null, "positions_by_keys": null, "price": "15.95", "bsr": 121814, "sales": 2, "conversion_rate": "50", "rating": "4.7", "offers": "", "date": "2021-01-01", "event": "", "brand": 8, "manager": 9, "type": 33}}, {"model": "analiz.product", "pk": 58, "fields": {"product_name": "Vitamin D3 Gummies", "asin": "B08HSH4S93", "link": "https://www.amazon.com/dp/B08HSH4S93", "changes": null, "positions_by_keys": null, "price": "23.95", "bsr": 19023, "sales": 37, "conversion_rate": "53.73", "rating": "4.9", "offers": "", "date": "2021-01-01", "event": "", "brand": 8, "manager": 9, "type": 26}}, {"model": "analiz.product", "pk": 59, "fields": {"product_name": "Apple Cider Vinegar", "asin": "B08HSK95MZ", "link": "https://www.amazon.com/dp/B08HSK95MZ", "changes": null, "positions_by_keys": null, "price": "23.95", "bsr": 9366, "sales": 96, "conversion_rate": "68.57", "rating": "4.8", "offers": "", "date": "2021-01-01", "event": "", "brand": 12, "manager": 9, "type": 30}}, {"model": "analiz.product", "pk": 60, "fields": {"product_name": "Green Tea Matcha", "asin": "B08N6S15SJ", "link": "https://www.amazon.com/dp/B08N6S15SJ", "changes": null, "positions_by_keys": null, "price": "14.95", "bsr": null, "sales": 12, "conversion_rate": "30.77", "rating": "4.8", "offers": "", "date": "2021-02-18", "event": "", "brand": 9, "manager": 3, "type": 34}}, {"model": "analiz.product", "pk": 61, "fields": {"product_name": "24k Gold Patches", "asin": "B08LYS6CJD", "link": "https://www.amazon.com/dp/B08LYS6CJD", "changes": null, "positions_by_keys": null, "price": "14.95", "bsr": null, "sales": 17, "conversion_rate": "58.62", "rating": "4.8", "offers": "Старт оффера", "date": "2021-03-01", "event": "", "brand": 9, "manager": 3, "type": 35}}, {"model": "analiz.product", "pk": 62, "fields": {"product_name": "Artulano Allergy", "asin": "B08SQXH4SK", "link": "https://www.amazon.com/dp/B08SQXH4SK", "changes": null, "positions_by_keys": null, "price": "21.95", "bsr": 55694, "sales": 17, "conversion_rate": "121.43", "rating": "4.8", "offers": "2 прокупки", "date": "2021-05-08", "event": "", "brand": 2, "manager": 6, "type": 62}}, {"model": "analiz.product", "pk": 63, "fields": {"product_name": "Artulano Green Lawn", "asin": "B08SWM4D9Q", "link": "https://www.amazon.com/dp/B08SWM4D9Q", "changes": null, "positions_by_keys": null, "price": "22.95", "bsr": null, "sales": 2, "conversion_rate": "33.33", "rating": "4.7", "offers": "2 прокупки", "date": "2021-05-07", "event": "", "brand": 2, "manager": 6, "type": 65}}, {"model": "analiz.product", "pk": 64, "fields": {"product_name": "Artulano Bladder", "asin": "B08SWCFZVS", "link": "https://www.amazon.com/dp/B08SWCFZVS", "changes": null, "positions_by_keys": null, "price": "18.95", "bsr": null, "sales": 1, "conversion_rate": "25.00", "rating": "4.8", "offers": "", "date": "2021-05-07", "event": "", "brand": 2, "manager": 6, "type": 66}}, {"model": "analiz.product", "pk": 65, "fields": {"product_name": "Kinpur Green Lawn", "asin": "B08QYJGTJ8", "link": "https://www.amazon.com/dp/B08QYJGTJ8", "changes": null, "positions_by_keys": null, "price": "18.85", "bsr": null, "sales": 0, "conversion_rate": "0", "rating": "4.6", "offers": "", "date": "2021-05-14", "event": "", "brand": 1, "manager": 6, "type": 67}}, {"model": "analiz.product", "pk": 66, "fields": {"product_name": "Kinpur Bladder", "asin": "B08QZ9LLGQ", "link": "https://www.amazon.com/dp/B08QZ9LLGQ", "changes": null, "positions_by_keys": null, "price": "17.85", "bsr": null, "sales": 1, "conversion_rate": null, "rating": "4.5", "offers": "", "date": "2021-05-31", "event": "", "brand": 1, "manager": 6, "type": 68}}, {"model": "analiz.typeofproduct", "pk": 1, "fields": {"type": "Swizon Black", "manager": 5, "brand": 3}}, {"model": "analiz.typeofproduct", "pk": 2, "fields": {"type": "Arvesa Relief", "manager": 5, "brand": 4}}, {"model": "analiz.typeofproduct", "pk": 3, "fields": {"type": "Artulano Chews", "manager": 6, "brand": 2}}, {"model": "analiz.typeofproduct", "pk": 4, "fields": {"type": "Helopssa Chews", "manager": 6, "brand": 5}}, {"model": "analiz.typeofproduct", "pk": 5, "fields": {"type": "Kinpur calming treats", "manager": 6, "brand": 1}}, {"model": "analiz.typeofproduct", "pk": 6, "fields": {"type": "Kinpur Allergy Chews", "manager": 6, "brand": 1}}, {"model": "analiz.typeofproduct", "pk": 7, "fields": {"type": "Kinpur Omega Chews", "manager": 6, "brand": 1}}, {"model": "analiz.typeofproduct", "pk": 8, "fields": {"type": "Kinpur Hip&Joint Chews", "manager": 6, "brand": 1}}, {"model": "analiz.typeofproduct", "pk": 9, "fields": {"type": "Kinpur Probiotic chews", "manager": 6, "brand": 1}}, {"model": "analiz.typeofproduct", "pk": 10, "fields": {"type": "Kinpur black boost", "manager": 5, "brand": 1}}, {"model": "analiz.typeofproduct", "pk": 11, "fields": {"type": "Kinpur white boost", "manager": 5, "brand": 1}}, {"model": "analiz.typeofproduct", "pk": 12, "fields": {"type": "Kinpur white xp", "manager": 5, "brand": 1}}, {"model": "analiz.typeofproduct", "pk": 13, "fields": {"type": "Kinpur black xp", "manager": 5, "brand": 1}}, {"model": "analiz.typeofproduct", "pk": 14, "fields": {"type": "Rastenix burn", "manager": 5, "brand": 6}}, {"model": "analiz.typeofproduct", "pk": 15, "fields": {"type": "Rastenix keto", "manager": 5, "brand": 6}}, {"model": "analiz.typeofproduct", "pk": 16, "fields": {"type": "Artulano Keto", "manager": 5, "brand": 2}}, {"model": "analiz.typeofproduct", "pk": 17, "fields": {"type": "NutraFaza Sea Moss", "manager": 8, "brand": 8}}, {"model": "analiz.typeofproduct", "pk": 18, "fields": {"type": "Sea Moss Green", "manager": 8, "brand": 8}}, {"model": "analiz.typeofproduct", "pk": 19, "fields": {"type": "Alphaworld Vitamin C", "manager": 8, "brand": 11}}, {"model": "analiz.typeofproduct", "pk": 20, "fields": {"type": "Lariolla Aloe Gel", "manager": 8, "brand": 7}}, {"model": "analiz.typeofproduct", "pk": 21, "fields": {"type": "Arvesa Aloe Gel", "manager": 8, "brand": 4}}, {"model": "analiz.typeofproduct", "pk": 22, "fields": {"type": "Artulano Zinc Capsules", "manager": 8, "brand": 2}}, {"model": "analiz.typeofproduct", "pk": 23, "fields": {"type": "Rastenix Lung Cleanse", "manager": 8, "brand": 6}}, {"model": "analiz.typeofproduct", "pk": 24, "fields": {"type": "Alphaworld Lung Cleanse", "manager": 8, "brand": 11}}, {"model": "analiz.typeofproduct", "pk": 25, "fields": {"type": "Melatonin Gummies", "manager": 9, "brand": 8}}, {"model": "analiz.typeofproduct", "pk": 26, "fields": {"type": "Vitamin D3 Gummies", "manager": 9, "brand": 8}}, {"model": "analiz.typeofproduct", "pk": 27, "fields": {"type": "Vitamin C Gummies", "manager": 9, "brand": 8}}, {"model": "analiz.typeofproduct", "pk": 28, "fields": {"type": "Hair Vitamin Gummies", "manager": 9, "brand": 8}}, {"model": "analiz.typeofproduct", "pk": 29, "fields": {"type": "Elderberry Gummies", "manager": 9, "brand": 8}}, {"model": "analiz.typeofproduct", "pk": 30, "fields": {"type": "Apple Cider Vinegar", "manager": 9, "brand": 12}}, {"model": "analiz.typeofproduct", "pk": 31, "fields": {"type": "Biotin Gummies", "manager": 9, "brand": 8}}, {"model": "analiz.typeofproduct", "pk": 32, "fields": {"type": "Collagen Gummies", "manager": 9, "brand": 8}}, {"model": "analiz.typeofproduct", "pk": 33, "fields": {"type": "Multivitamin Gummies", "manager": 9, "brand": 8}}, {"model": "analiz.typeofproduct", "pk": 34, "fields": {"type": "Green Tea Matcha", "manager": 3, "brand": 9}}, {"model": "analiz.typeofproduct", "pk": 35, "fields": {"type": "24k Gold Patches", "manager": 3, "brand": 9}}, {"model": "analiz.typeofproduct", "pk": 36, "fields": {"type": "Kinpur retinol", "manager": 8, "brand": 1}}, {"model": "analiz.typeofproduct", "pk": 37, "fields": {"type": "Kinpur Retinol Gold", "manager": 8, "brand": 1}}, {"model": "analiz.typeofproduct", "pk": 38, "fields": {"type": "Swizon Retinol", "manager": 8, "brand": 3}}, {"model": "analiz.typeofproduct", "pk": 39, "fields": {"type": "Artulano retinol", "manager": 8, "brand": 2}}, {"model": "analiz.typeofproduct", "pk": 40, "fields": {"type": "Kinpur Eye Cream", "manager": 8, "brand": 1}}, {"model": "analiz.typeofproduct", "pk": 41, "fields": {"type": "Swizon Eye Cream", "manager": 8, "brand": 3}}, {"model": "analiz.typeofproduct", "pk": 42, "fields": {"type": "Artulano Eye Cream", "manager": 8, "brand": 2}}, {"model": "analiz.typeofproduct", "pk": 43, "fields": {"type": "Kinpur hemp cream", "manager": 5, "brand": 1}}, {"model": "analiz.typeofproduct", "pk": 44, "fields": {"type": "Swizon Pink", "manager": 5, "brand": 3}}, {"model": "analiz.typeofproduct", "pk": 45, "fields": {"type": "keentox US", "manager": 5, "brand": 1}}, {"model": "analiz.typeofproduct", "pk": 46, "fields": {"type": "Odeseana", "manager": 5, "brand": 10}}, {"model": "analiz.typeofproduct", "pk": 47, "fields": {"type": "hemp extract 60 capsules", "manager": 5, "brand": 1}}, {"model": "analiz.typeofproduct", "pk": 48, "fields": {"type": "Hemp Guard US", "manager": 5, "brand": 4}}, {"model": "analiz.typeofproduct", "pk": 49, "fields": {"type": "Hemp Nature", "manager": 5, "brand": 4}}, {"model": "analiz.typeofproduct", "pk": 50, "fields": {"type": "Kinpur Hemp Oil 550k", "manager": 4, "brand": 1}}, {"model": "analiz.typeofproduct", "pk": 51, "fields": {"type": "Hemp Cares 2pack", "manager": 4, "brand": 1}}, {"model": "analiz.typeofproduct", "pk": 52, "fields": {"type": "Hemp love 1pack", "manager": 4, "brand": 1}}, {"model": "analiz.typeofproduct", "pk": 53, "fields": {"type": "Hemp love 2pack", "manager": 4, "brand": 1}}, {"model": "analiz.typeofproduct", "pk": 54, "fields": {"type": "Hemp Joy 1-pack US", "manager": 4, "brand": 1}}, {"model": "analiz.typeofproduct", "pk": 55, "fields": {"type": "Hemp nutrition", "manager": 4, "brand": 1}}, {"model": "analiz.typeofproduct", "pk": 56, "fields": {"type": "Hemp Сares 1pack", "manager": 4, "brand": 1}}, {"model": "analiz.typeofproduct", "pk": 57, "fields": {"type": "Kinpur Green Lawn", "manager": 6, "brand": 1}}, {"model": "analiz.typeofproduct", "pk": 58, "fields": {"type": "Keentox UK", "manager": 5, "brand": 1}}, {"model": "analiz.typeofproduct", "pk": 59, "fields": {"type": "Hemp Joy UK", "manager": 4, "brand": 1}}, {"model": "analiz.typeofproduct", "pk": 60, "fields": {"type": "Eluxum Zinc Capsules", "manager": 8, "brand": 6}}, {"model": "analiz.typeofproduct", "pk": 61, "fields": {"type": "Rastenix Keto white", "manager": 5, "brand": 6}}, {"model": "analiz.typeofproduct", "pk": 62, "fields": {"type": "Artulano Allergy", "manager": 6, "brand": 2}}, {"model": "analiz.typeofproduct", "pk": 64, "fields": {"type": "Foot Pill Mask", "manager": 4, "brand": 9}}, {"model": "analiz.typeofproduct", "pk": 65, "fields": {"type": "Artulano Green Lawn", "manager": 6, "brand": 2}}, {"model": "analiz.typeofproduct", "pk": 66, "fields": {"type": "Artulano Bladder", "manager": 6, "brand": 2}}, {"model": "analiz.typeofproduct", "pk": 67, "fields": {"type": "Kinpur Green Lawn", "manager": 6, "brand": 1}}, {"model": "analiz.typeofproduct", "pk": 68, "fields": {"type": "Kinpur Bladder", "manager": 6, "brand": 1}}, {"model": "analiz.brand", "pk": 1, "fields": {"brand": "Kinpur"}}, {"model": "analiz.brand", "pk": 2, "fields": {"brand": "Artulano"}}, {"model": "analiz.brand", "pk": 3, "fields": {"brand": "Swizon"}}, {"model": "analiz.brand", "pk": 4, "fields": {"brand": "Arvesa"}}, {"model": "analiz.brand", "pk": 5, "fields": {"brand": "Helopssa"}}, {"model": "analiz.brand", "pk": 6, "fields": {"brand": "Rastenix"}}, {"model": "analiz.brand", "pk": 7, "fields": {"brand": "Lariolla"}}, {"model": "analiz.brand", "pk": 8, "fields": {"brand": "NutraFaza"}}, {"model": "analiz.brand", "pk": 9, "fields": {"brand": "Lorelis Labs"}}, {"model": "analiz.brand", "pk": 10, "fields": {"brand": "Odeseana"}}, {"model": "analiz.brand", "pk": 11, "fields": {"brand": "Alphaworld"}}, {"model": "analiz.brand", "pk": 12, "fields": {"brand": "Nutribolidos"}}, {"model": "analiz.manager", "pk": 1, "fields": {"user": 1, "username": "Sergik", "image": ""}}, {"model": "analiz.manager", "pk": 2, "fields": {"user": 2, "username": "Ira", "image": ""}}, {"model": "analiz.manager", "pk": 3, "fields": {"user": 5, "username": "Yana", "image": ""}}, {"model": "analiz.manager", "pk": 4, "fields": {"user": 4, "username": "Nadya", "image": ""}}, {"model": "analiz.manager", "pk": 5, "fields": {"user": 3, "username": "Igor", "image": ""}}, {"model": "analiz.manager", "pk": 6, "fields": {"user": 6, "username": "Veronika", "image": ""}}, {"model": "analiz.manager", "pk": 7, "fields": {"user": 7, "username": "Nochnik", "image": ""}}, {"model": "analiz.manager", "pk": 8, "fields": {"user": 8, "username": "Sasha", "image": ""}}, {"model": "analiz.manager", "pk": 9, "fields": {"user": 9, "username": "Zenya", "image": ""}}]